level,name,category,isHidden
0,낡은 검,검,false
1,강철심 검,검,false
2,갈라지는 강철심 검,검,false
3,뒤틀리는 강철심 검,검,false
4,자신을 찢어내는 강철심 검,검,false
5,자신을 파쇄하는 강철심 검,검,false
6,정련된 강철심 검,검,false
7,응축된 강철 검,검,false
8,중력 강철 검,검,false
9,심연 강철 검,검,false
10,태초의 강철 검,검,false
11,고이부니우가 벼려낸 영원한 강철 검,검,false
12,고이부니우의 진정한 권능이 깃든 강철 검,검,false
13,고이부니우의 대권능이 깃든 강철 검,검,false
14,고이부니우의 창조의 정수가 깃든 강철 검,검,false
15,고이부니우의 신위 결정체 강철 검,검,false
16,우주 태동의 강철 섭리,검,false
17,모든 시공의 궁극 강철 섭리,검,false
18,근원 차원 우주의 절대 강철 섭리,검,false
19,만유의 궁극 진리 강철 섭리,검,false
20,"영원회귀의 종언, 우주적 섭리: 만물 근원",검,false
0,낡은 검,검,false
1,거친 모래 녹슨 검,검,false
2,모래바람 녹슨 검,검,false
3,휘몰아치는 모래 녹슨 검,검,false
4,말라붙어 부서지는 모래 검,검,false
5,자신을 집어삼키는 모래 검,검,false
6,응집된 모래 검,검,false
7,모래 폭풍 검,검,false
8,시간의 모래 검,검,false
9,운명의 모래 검,검,false
10,시공의 모래 검,검,false
11,프사마테의 권능 시공검,검,false
12,프사마테의 진정한 권능 시공검,검,false
13,프사마테의 대(大)권능 시공검,검,false
14,프사마테의 절대 질서 시공검,검,false
15,프사마테의 궁극 질서 시공검,검,false
16,태초의 모래 섭리,검,false
17,범우주적 모래 섭리,검,false
18,초월우주 모래의 종언 섭리,검,false
19,모든 우주의 시원과 종언을 가르는 모래의 섭리,검,false
20,만유의 시작과 종언을 관장하는 모래 섭리의 절대계,검,false
0,낡은 검,검,false
1,공허 속삭임의 검,검,false
2,공허 흔들림의 검,검,false
3,공허 뒤틀림의 검,검,false
4,공허 소용돌이의 검,검,false
5,존재 소멸의 검,검,false
6,심연 정제의 검,검,false
7,심연 응축의 검,검,false
8,공허 강림의 검,검,false
9,태초의 심연 검,검,false
10,영겁의 공허 검,검,false
11,신화의 긴눙가가프 검,검,false
12,진정한 긴눙가가프 검,검,false
13,궁극의 긴눙가가프 검,검,false
14,절대영겁의 긴눙가가프 검,검,false
15,창세의 긴눙가가프 검,검,false
16,우주를 관통하는 공허의 섭리,검,false
17,다중우주를 잠재우는 공허의 종언,검,false
18,차원의 심연을 관장하는 공허의 섭리,검,false
19,우주 만물의 궁극적 종언을 주재하는 공허의 섭리,검,false
20,모든 우주와 차원마저 집어삼키는 공허의 절대적 시공간 초월 섭리,검,false
0,낡은 검,검,false
1,광포한 검,검,false
2,날뛰는 검,검,false
3,폭주하는 검,검,false
4,자아를 잠식하는 검,검,false
5,스스로를 찢어발기는 검,검,false
6,조율된 분노의 검,검,false
7,응축된 격노 검,검,false
8,폭풍의 격노 검,검,false
9,멸절의 진노 검,검,false
10,시원의 분노 검,검,false
11,신화의 세트 파괴 검,검,false
12,절대 파멸의 세트 군림 검,검,false
13,만물 종결의 세트 폭군 검,검,false
14,절대 파멸의 세트 폭군 검,검,false
15,영겁 재앙의 세트 신위 검,검,false
16,영겁의 종언을 휘감는 우주적 광기 섭리,검,false
17,만유를 지배하는 절대적 광기 섭리,검,false
18,모든 차원과 우주의 근원을 집어삼키는 종언의 광기 섭리,검,false
19,만물과 공허를 관장하는 우주적 종극의 광기,검,false
20,영원한 광기의 세계: 모든 시공과 섭리를 빚어내는 궁극의 진리,검,false
0,낡은 검,검,false
1,그림자 검,검,false
2,어둑한 그림자 검,검,false
3,맹목적인 어둠의 검,검,false
4,잠식하는 어둠의 검,검,false
5,존재를 삼키는 어둠의 검,검,false
6,응축된 그림자의 검,검,false
7,심연의 그림자 검,검,false
8,혼돈을 집어삼키는 검,검,false
9,근원의 어둠 검,검,false
10,영겁의 어둠 검,검,false
11,아포피스의 혼돈 검,검,false
12,아포피스의 절대 혼돈 검,검,false
13,아포피스의 멸망의 혼돈 검,검,false
14,아포피스의 영겁의 심연 검,검,false
15,아포피스의 태초의 혼돈 검,검,false
16,우주적 종언의 암흑 섭리,검,false
17,다차원적 종언의 암흑 율법,검,false
18,"근원의 종언, 우주의 율법",검,false
19,"심연의 종언, 태초 우주의 근원 섭리",검,false
20,"무한의 종언, 모든 우주의 절대적 율법",검,false
0,낡은 검,검,false
1,그림자 깃든 검,검,false
2,그림자에 뒤얽힌 검,검,false
3,그림자에 잠식된 검,검,false
4,그림자에 침식된 검,검,false
5,존재를 지워버린 그림자 검,검,false
6,암흑을 품은 그림자 검,검,false
7,심연을 가르는 그림자 검,검,false
8,영겁의 그림자 검,검,false
9,절대의 그림자 검,검,false
10,창세의 그림자 검,검,false
11,스카하의 그림자 지배 검,검,false
12,스카하의 심연군림 검,검,false
13,스카하의 영원군림 검,검,false
14,스카하의 심연군림 검,검,false
15,스카하의 절대군림 검,검,false
16,우주의 그림자 섭리,검,false
17,무한 우주의 그림자 종언,검,false
18,다중 우주의 그림자 종언 섭리,검,false
19,모든 존재의 그림자 태초 섭리,검,false
20,"만상(萬象)의 그림자, 절대적 종언 섭리",검,false
0,낡은 검,검,false
1,대지의 울림 검,검,false
2,진동하는 대지 검,검,false
3,균열의 대지 검,검,false
4,경화의 대지 검,검,false
5,뿌리박는 대지 검,검,false
6,굳건한 대지 검,검,false
7,지각변동의 검,검,false
8,대지의 심장 검,검,false
9,영원한 대지의 검,검,false
10,창세의 대지 검,검,false
11,신화의 거신 티탄 검,검,false
12,태초의 티탄 절대 검,검,false
13,대지의 티탄 왕좌 검,검,false
14,영원한 티탄 제왕 검,검,false
15,태초 티탄의 심연 검,검,false
16,우주적 질서의 초월적 섭리,검,false
17,만유의 종언적 섭리,검,false
18,우주 태초의 근원적 섭리,검,false
19,만물 존재의 절대적 섭리,검,false
20,태초와 종언을 잇는 궁극의 우주적 섭리,검,false
0,낡은 검,검,false
1,덧없는 바람 검,검,false
2,요동치는 바람 검,검,false
3,사납게 휘몰아치는 바람 검,검,false
4,통제 불능의 바람 검,검,false
5,자신을 집어삼키는 바람 검,검,false
6,폭풍의 눈 검,검,false
7,회오리바람 검,검,false
8,뇌전의 폭풍 검,검,false
9,창공의 뇌전 검,검,false
10,태초의 폭풍우 검,검,false
11,"풍백의 신화, 태풍 검",검,false
12,"풍백의 진정한 권능, 태풍 검",검,false
13,"풍백의 천지권능, 대태풍 검",검,false
14,"풍백의 절대권능, 천지개벽 풍왕 검",검,false
15,"풍백의 신성지배, 천지창조 풍왕신 검",검,false
16,"우주의 섭리, 종언의 폭풍",검,false
17,"모든 차원의 섭리, 만물의 종언",검,false
18,"시공간을 초월한 궁극의 섭리, 존재와 무의 근원",검,false
19,"우주 만물의 궁극적 종언이자 새로운 시작, 절대적 원초 혼돈의 심연",검,false
20,"영겁의 섭리를 관장하는 초월적 폭풍, 공허의 절대 지배자",검,false
0,낡은 검,검,false
1,독기 묻은 검,검,false
2,독기 스며든 검,검,false
3,맹독에 오염된 검,검,false
4,맹독이 역류하는 검,검,false
5,영혼을 부패시키는 검,검,false
6,응축된 부패 검,검,false
7,심연의 부패 검,검,false
8,영원한 부식의 검,검,false
9,존재 소멸의 검,검,false
10,무(無)의 권능 검,검,false
11,요르문간드 세계독(世界毒)의 검,검,false
12,요르문간드 종말의 맹독 검,검,false
13,요르문간드 만상의 맹독 검,검,false
14,요르문간드 세계종언의 맹독 검,검,false
15,요르문간드 라그나로크의 절대독 검,검,false
16,우주의 종말을 관장하는 부패의 섭리,검,false
17,범우주적 종언을 주관하는 부패의 근원,검,false
18,만차원적 붕괴의 태동을 주관하는 종언의 섭리,검,false
19,전우주적 공허의 심연에서 솟아나는 종말의 진리,검,false
20,만상(萬象)을 삼키는 절대적 종언의 섭리,검,false
0,낡은 검,검,false
1,모래바람 검,검,false
2,거친 모래 검,검,false
3,침식하는 모래 검,검,false
4,집어삼키는 모래 검,검,false
5,모래로 회귀시키는 검,검,false
6,정제된 모래의 검,검,false
7,유사의 검,검,false
8,황혼의 모래 검,검,false
9,영원의 모래 검,검,false
10,창세의 모래 검,검,false
11,신화의 몽환 창세 검,검,false
12,진정한 샌드맨의 몽환 창세 검,검,false
13,궁극의 샌드맨 몽환 창세 검,검,false
14,샌드맨의 절대몽환 시공 개변 검,검,false
15,샌드맨의 절대몽환 현실재창조 검,검,false
16,모래의 우주적 종언의 섭리,검,false
17,모든 차원의 모래 종언의 섭리,검,false
18,만유를 엮는 모래 종언의 섭리,검,false
19,모든 우주를 품는 태초의 모래 종언,검,false
20,만물과 무(無)를 직조하는 모래 우주,검,false
0,낡은 검,검,false
1,몽환의 검,검,false
2,흐릿한 몽환의 검,검,false
3,미혹하는 몽상의 검,검,false
4,존재를 뒤섞는 몽환의 검,검,false
5,자아를 잠식하는 몽환의 검,검,false
6,몽환을 인도하는 검,검,false
7,환상을 엮는 검,검,false
8,현현하는 꿈의 검,검,false
9,현실을 빚는 꿈의 검,검,false
10,현실을 창조하는 몽환의 검,검,false
11,심연의 악몽을 새기는 몽환 검,검,false
12,포베토르의 환수(幻獸) 악몽을 새기는 몽환 검,검,false
13,"포베토르의 대환수(大幻獸), 악몽을 지배하는 검",검,false
14,"포베토르의 절대환몽(絶對幻夢), 모든 악몽의 근원 검",검,false
15,"포베토르의 무한악몽(無限惡夢)의 군주, 태초의 공포를 빚는 검",검,false
16,"우주적 몽환(夢幻)의 섭리, 모든 환영의 종언(終焉)",검,false
17,"다중우주(多重宇宙)의 몽환 섭리, 모든 현존(現存)의 종언",검,false
18,"전 우주의 근원적 몽환 섭리, 모든 존재와 비존재의 태초",검,false
19,"모든 존재와 비존재의 절대적 몽환 섭리, 우주의 궁극적 진실과 종언",검,false
20,"무한 다중우주의 근원적 환상 섭리, 모든 실재와 비실재의 궁극적 종언이자 초월적 시원",검,false
0,낡은 검,검,false
1,묵직한 검,검,false
2,짓누르는 검,검,false
3,숨 막히는 검,검,false
4,형체를 뭉개는 검,검,false
5,내파하는 검,검,false
6,정제된 압력 검,검,false
7,중력의 파동 검,검,false
8,압궤의 중력 검,검,false
9,중력의 특이점 검,검,false
10,만유의 질량 검,검,false
11,아틀라스의 천공 질량 검,검,false
12,아틀라스의 영겁 압력 검,검,false
13,대아틀라스의 영겁 압력 검,검,false
14,절대 아틀라스의 영원 압력 검,검,false
15,궁극 아틀라스의 우주 압궤 검,검,false
16,태초의 우주 압력 섭리,검,false
17,영원한 다중우주의 압력 섭리,검,false
18,"존재의 심연, 우주적 종언의 압력 섭리",검,false
19,"절대적 종언, 만물의 근원적 압력 섭리",검,false
20,"궁극의 종언, 모든 존재의 절대적 무(無)와 유(有)의 섭리",검,false
0,낡은 검,검,false
1,미약한 달빛 검,검,false
2,흐릿한 달빛 검,검,false
3,현혹의 달빛 검,검,false
4,잠식하는 달빛 검,검,false
5,자아를 삼키는 달빛 검,검,false
6,조율된 달빛 검,검,false
7,만월의 심장 검,검,false
8,천상월의 검,검,false
9,영원월의 검,검,false
10,시원월의 검,검,false
11,셀레네 여신의 광휘 검,검,false
12,셀레네 여신의 성위의 광휘 검,검,false
13,셀레네 여신의 대신화 권능의 검,검,false
14,셀레네 여신의 절대 신화 권능의 검,검,false
15,셀레네의 태초 영원 신화 검,검,false
16,우주 만상의 절대 섭리,검,false
17,다중우주 종언의 절대 섭리,검,false
18,모든 차원 우주의 근원적 종언 섭리,검,false
19,태초이자 종언의 우주적 진리,검,false
20,"만유의 근원, 절대적 종언의 섭리",검,false
0,낡은 검,검,false
1,미약한 운명의 검,검,false
2,얽매인 운명의 검,검,false
3,거스를 수 없는 운명의 검,검,false
4,운명의 속삭임에 현혹된 검,검,false
5,운명의 흐름에 잠식된 검,검,false
6,운명의 줄기를 쥔 검,검,false
7,섭리의 흐름을 지휘하는 검,검,false
8,섭리의 궤적을 짓는 검,검,false
9,섭리의 영원한 율법 검,검,false
10,만물의 필연 검,검,false
11,필연의 직조 검,검,false
12,궁극의 모이라이 숙명 검,검,false
13,대모이라이 숙명 검,검,false
14,궁극의 모이라이 섭리 검,검,false
15,태초의 섭리를 잣는 모이라이 검,검,false
16,다중우주를 꿰뚫는 절대적 섭리,검,false
17,우주 만물의 궁극적 섭리,검,false
18,차원 너머의 종언적 섭리,검,false
19,우주 만물의 근원적 질서,검,false
20,만상궁극의 절대섭리,검,false
0,낡은 검,검,false
1,미완성 교향곡,검,false
2,불협화음의 선율,검,false
3,타락한 연주곡,검,false
4,영혼을 갉아먹는 아리아,검,false
5,존재를 해체하는 오페라,검,false
6,조율된 오페라,검,false
7,불멸의 교향곡 검,검,false
8,천상의 교향곡 검,검,false
9,태초의 멜로디 검,검,false
10,우주의 교향곡 검,검,false
11,신화의 음유시 검,검,false
12,브라기의 웅변 시가 검,검,false
13,브라기의 창세 언령 검,검,false
14,브라기의 궁극 창세 언령 검,검,false
15,브라기의 절대 궁극 창세 언령 검,검,false
16,"대우주의 영원한 창조율, 종언의 공명",검,false
17,"다중우주의 궁극적 조화, 근원의 섭리",검,false
18,"차원 초월의 종언, 우주율동의 절대법칙",검,false
19,"무한 우주의 태초율동, 모든 존재와 비존재의 근원섭리",검,false
20,"절대 시공의 종언율동, 만물의 존재와 무無의 궁극진리",검,false
0,낡은 검,검,false
1,미풍 깃든 검,검,false
2,거친 바람의 검,검,false
3,휘몰아치는 바람의 검,검,false
4,폭주하는 바람의 검,검,false
5,주인을 집어삼키는 회오리의 검,검,false
6,조율된 폭풍의 검,검,false
7,몰아치는 폭풍의 검,검,false
8,뇌전 폭풍 검,검,false
9,천공의 심장 검,검,false
10,창세의 폭풍 검,검,false
11,엔릴의 천지개벽 폭풍 검,검,false
12,엔릴의 태초 폭풍 검,검,false
13,엔릴의 절대 폭풍 검,검,false
14,엔릴의 태초 폭풍 검,검,false
15,엔릴의 절대 폭풍 검,검,false
16,우주의 폭풍 섭리,검,false
17,모든 차원의 폭풍 근원,검,false
18,만물 우주의 종언 섭리,검,false
19,모든 차원 우주의 궁극 섭리,검,false
20,우주 만물의 태초와 종언 그 자체,검,false
0,낡은 검,검,false
1,복수의 맹아,검,false
2,피어나는 앙심,검,false
3,끓어오르는 앙심,검,false
4,복수의 갈증,검,false
5,복수의 망아,검,false
6,징벌의 맹세 검,검,false
7,단죄의 칼날 검,검,false
8,최후의 심판 검,검,false
9,업보의 심판 검,검,false
10,업보의 섭리 검,검,false
11,신화강림 칼리의 재앙검,검,false
12,궁극신화 칼리의 파멸검,검,false
13,절대신화 칼리의 멸절검,검,false
14,칼리의 궁극 파멸검,검,false
15,칼리의 절대적 파멸검,검,false
16,"우주의 종언, 파멸의 섭리",검,false
17,"모든 우주의 종언, 절대적 섭리",검,false
18,"초월우주적 종언, 만물의 섭리",검,false
19,"태초우주의 종언, 만상을 지배하는 절대 섭리",검,false
20,"전지적 다중우주의 종언, 모든 시간과 공간의 최종 섭리",검,false
0,낡은 검,검,false
1,복수의 맹아,검,false
2,복수의 갈증,검,false
3,맹목적인 복수심,검,false
4,자기 잠식의 징벌,검,false
5,존재 소멸의 징벌,검,false
6,집행의 징벌,검,false
7,심판의 단죄 검,검,false
8,파멸의 단죄 검,검,false
9,숙명의 심판 검,검,false
10,천율의 징벌 검,검,false
11,에리니에스 복수의 천율 검,검,false
12,에리니에스 진노의 천율 검,검,false
13,에리니에스 절대 천율 검,검,false
14,에리니에스 궁극의 천율 검,검,false
15,에리니에스 절대적 천율 검,검,false
16,우주적 종언의 섭리,검,false
17,모든 차원의 종말 섭리,검,false
18,다중우주의 궁극적 파멸 섭리,검,false
19,모든 존재의 근원적 종언 섭리,검,false
20,우주 만상의 종언을 재단하는 절대 섭리,검,false
0,낡은 검,검,false
1,부패의 징조 검,검,false
2,부패가 번진 검,검,false
3,부패가 잠식하는 검,검,false
4,숙주를 병들게 하는 검,검,false
5,주인을 잠식하는 부패의 검,검,false
6,통제된 맹독의 검,검,false
7,부식성 역병의 검,검,false
8,역병 군주의 검,검,false
9,태초의 부패 검,검,false
10,절대 소멸의 부패 검,검,false
11,신화의 바실리스크 맹독 시선 검,검,false
12,진정한 바실리스크의 파멸 검,검,false
13,궁극적인 바실리스크의 종말 검,검,false
14,심연의 바실리스크 절멸 검,검,false
15,태고의 바실리스크 종말 검,검,false
16,만상 부패의 우주적 섭리,검,false
17,모든 차원을 잠식하는 부패의 의지,검,false
18,다중우주의 종말을 관장하는 부패의 섭리,검,false
19,모든 존재를 종언으로 이끄는 부패의 절대적 섭리,검,false
20,모든 우주를 포식하는 부패의 근원적 종말,검,false
0,낡은 검,검,false
1,불씨 검,검,false
2,그을린 검,검,false
3,불안정한 화염 검,검,false
4,통제불능의 불꽃 검,검,false
5,자신을 태우는 화염 검,검,false
6,정제된 불꽃 검,검,false
7,푸른 불꽃 검,검,false
8,태양의 불꽃 검,검,false
9,불멸의 불꽃 검,검,false
10,창세의 불꽃 검,검,false
11,헤파이스토스 신조 불꽃 검,검,false
12,헤파이스토스의 불멸 불꽃 검,검,false
13,헤파이스토스의 천상 권능 불꽃 검,검,false
14,헤파이스토스 궁극 창조 불꽃 검,검,false
15,헤파이스토스 절대 창조 화염 검,검,false
16,우주적 섭리 - 태초의 불꽃,검,false
17,모든 우주의 섭리 - 영원의 불꽃,검,false
18,모든 차원의 근원 - 태초의 불꽃,검,false
19,모든 우주의 궁극적 섭리 - 영원의 불꽃,검,false
20,우주 만상의 근원 - 절대 불변의 섭리,검,false
0,낡은 검,검,false
1,불씨 검,검,false
2,그을린 검,검,false
3,불안정한 화염의 검,검,false
4,통제불능의 작열하는 검,검,false
5,자신을 태우는 작열하는 검,검,false
6,정제된 불꽃 검,검,false
7,푸른 불꽃 검,검,false
8,태양의 불꽃 검,검,false
9,불멸의 불꽃 검,검,false
10,창세의 불꽃 검,검,false
11,신화의 수르트 불꽃 검,검,false
12,수르트의 종말 불꽃 검,검,false
13,수르트의 대(大)절멸 검,검,false
14,수르트의 종말 검,검,false
15,수르트의 절대 종언 검,검,false
16,우주 종언의 섭리,검,false
17,모든 시공간의 영원한 섭리,검,false
18,"만상(萬象)의 근원, 절대 섭리의 불꽃",검,false
19,"모든 우주의 운명, 영원의 섭리 불꽃",검,false
20,"우주 만물의 근원, 절대 무한의 불꽃 섭리",검,false
0,낡은 검,검,false
1,불안정한 전류 검,검,false
2,엇나가는 전류 검,검,false
3,폭주하는 전류 검,검,false
4,과부하된 전류 검,검,false
5,붕괴하는 전압 검,검,false
6,조율된 전압 검,검,false
7,맹렬한 전압 검,검,false
8,천뢰 검,검,false
9,영겁의 뇌격 검,검,false
10,창세의 뇌격 검,검,false
11,신화의 제우스 뇌정 검,검,false
12,제우스의 권능 뇌정 검,검,false
13,제우스의 신위(神威) 뇌정 검,검,false
14,제우스의 절대천위(絶對天威) 뇌정 검,검,false
15,제우스의 궁극천권(窮極天權) 뇌정 검,검,false
16,우주의 뇌정 섭리 (宇宙의 雷霆 攝理),검,false
17,만유의 뇌정 섭리 (萬有의 雷霆 攝理),검,false
18,시원의 뇌정 율법 (始原의 雷霆 律法),검,false
19,종언의 우주 뇌정 섭리,검,false
20,우주 근원 뇌정 절대 진리,검,false
0,낡은 검,검,false
1,불안정한 혼돈 검,검,false
2,왜곡된 혼돈 검,검,false
3,통제 불능의 혼돈 검,검,false
4,차원을 잠식하는 혼돈 검,검,false
5,존재를 소멸시키는 혼돈 검,검,false
6,응축된 혼돈 검,검,false
7,맹렬한 혼돈 검,검,false
8,근원 혼돈 검,검,false
9,만물의 혼돈 검,검,false
10,창세의 혼돈 검,검,false
11,에리스의 불화 검,검,false
12,에리스의 황금사과 검,검,false
13,대분쟁의 에리스 황금사과 검,검,false
14,초월적 불화의 에리스 황금사과 검,검,false
15,절대적 불화의 에리스 황금사과 검,검,false
16,우주 종언의 근원 섭리,검,false
17,모든 우주를 삼키는 종언의 섭리,검,false
18,다차원적 혼돈의 근원을 삼키는 종언의 섭리,검,false
19,"만유를 붕괴시키는 궁극의 혼돈, 종언의 우주적 법칙",검,false
20,"모든 우주를 삼키는 태초의 혼돈, 종언의 절대 섭리",검,false
0,낡은 검,검,false
1,새싹 검,검,false
2,얽힌 덩굴 검,검,false
3,숨통을 조이는 덩굴 검,검,false
4,생명력을 갉아먹는 뿌리 검,검,false
5,모든 것을 집어삼키는 뿌리 검,검,false
6,숲의 심장을 품은 검,검,false
7,숲의 정령이 깃든 검,검,false
8,태고의 숲이 새겨진 검,검,false
9,숲의 심장 검,검,false
10,태초의 숲 검,검,false
11,케르눈노스의 각인 뿔 검,검,false
12,케르눈노스 대자연의 정수 뿔 검,검,false
13,케르눈노스 만물의 왕 뿔 검,검,false
14,케르눈노스 태고의 절대 뿔 검,검,false
15,케르눈노스 영겁의 숲의 군주 검,검,false
16,"우주의 기원, 생명의 섭리",검,false
17,"만물의 순환, 우주 종언의 섭리",검,false
18,"우주 만물의 근원, 차원 종언의 율법",검,false
19,"모든 존재와 비존재의 섭리, 우주 태초의 질서",검,false
20,"절대적 섭리의 심연, 다중우주의 종언이자 태초의 세계",검,false
0,낡은 검,검,false
1,새싹 검,검,false
2,뒤엉킨 검,검,false
3,뿌리박힌 검,검,false
4,잠식하는 수풀 검,검,false
5,존재를 지우는 밀림 검,검,false
6,밀림의 율동 검,검,false
7,대자연의 숨결 검,검,false
8,세계수의 심장 검,검,false
9,생명의 율법 검,검,false
10,창생의 숲 검,검,false
11,디아나의 월광림 검,검,false
12,디아나의 궁극 월광림 검,검,false
13,디아나의 초월적 월광림 검,검,false
14,디아나의 신위 강림 월광림 검,검,false
15,디아나의 영원한 심판 월광림 검,검,false
16,"우주의 태고 숲, 영원한 섭리",검,false
17,"모든 우주의 태초 숲, 종언의 섭리",검,false
18,"우주 만상의 근원 숲, 영원의 섭리",검,false
19,"우주의 태초와 종언을 담은 숲, 절대 섭리의 진리",검,false
20,"모든 다중우주의 태초와 종언을 품은 숲, 절대 섭리의 완성",검,false
0,낡은 새해 검,검,false
1,새해 초심의 검,검,false
2,새해 꺾이는 초심의 검,검,false
3,새해 방황하는 목표의 검,검,false
4,새해 벗어난 결심의 검,검,false
5,새해 저주받은 시작의 검,검,false
6,새해 맹세의 검,검,false
7,새해 새벽의 검,검,false
8,새해 결빙의 맹세 검,검,false
9,새해 생명의 맹약 검,검,false
10,새해 창세의 검,검,false
11,새해 홍염 권능의 검,검,false
12,새해 진정한 붉은 신화의 검,검,false
13,새해 붉은 말의 폭주 신화검,검,false
14,새해 붉은 말의 초월 폭주 신화검,검,false
15,새해 붉은 말의 절대 폭주 신화검,검,false
16,새해 우주 종언의 법칙,검,false
17,새해 다차원 우주 섭리의 종언,검,false
18,새해 만상 존재의 궁극 섭리,검,false
19,새해 모든 시공간과 섭리의 종언,검,false
20,"새해 우주 만상의 근원, 시초와 종언의 섭리",검,false
0,낡은 설날 검,검,false
1,새해맞이 빛바랜 검,검,false
2,새해맞이 메마른 검,검,false
3,새해맞이 흉흉한 검,검,false
4,모든 복을 탐하는 새해 검,검,false
5,복을 역병처럼 토해내는 새해 검,검,false
6,복을 다스리는 새해 검,검,false
7,만개한 설날의 축복 검,검,false
8,영원한 설날의 축복 검,검,false
9,설날의 기원 검,검,false
10,설날의 만복 검,검,false
11,까치의 여명 권능 검,검,false
12,까치의 진정한 여명 권능 검,검,false
13,까치설의 대여명 권능 검,검,false
14,까치설의 영원한 여명 권능 검,검,false
15,까치설의 절대 여명 신탁 검,검,false
16,"시공간의 섭리, 우주의 태동",검,false
17,"모든 시공간의 종언, 근원 우주의 섭리",검,false
18,"다차원의 종언, 초월 우주적 섭리",검,false
19,"만물의 궁극적 섭리, 시공간의 종언",검,false
20,"우주 만물의 근원, 절대 공허의 초월적 섭리",검,false
0,낡은 검,검,false
1,생기의 검,검,false
2,역류하는 생기의 검,검,false
3,잠식하는 생명의 검,검,false
4,폭주하는 생명의 검,검,false
5,생명을 잠식하는 검,검,false
6,생명력을 조율하는 검,검,false
7,생명의 정수를 빚어내는 검,검,false
8,생명의 근원을 다스리는 검,검,false
9,만물을 빚어내는 생명의 검,검,false
10,태초의 생명 검,검,false
11,신화의 이두나 영생 검,검,false
12,진정한 신화의 이두나 영생 검,검,false
13,대신화의 이두나 영생 검,검,false
14,이두나의 영원불멸 신화 검,검,false
15,이두나의 창세 영생 신화 검,검,false
16,세계 근원의 생명 섭리,검,false
17,우주 생명의 절대 섭리,검,false
18,시공간을 초월한 생명의 근원 섭리,검,false
19,다중우주를 직조하는 생명의 태초 법칙,검,false
20,만물의 기원과 종언을 품은 우주 생명의 절대 섭리,검,false
0,낡은 검,검,false
1,생명의 싹 검,검,false
2,얽매는 생명의 검,검,false
3,역류하는 생명의 검,검,false
4,포식하는 생명의 검,검,false
5,정수를 마르는 생명의 검,검,false
6,조율된 생명의 검,검,false
7,생명의 파동 검,검,false
8,생명의 핵 검,검,false
9,생명의 순환 검,검,false
10,시원의 생명 검,검,false
11,불멸의 피닉스 생명 검,검,false
12,진정한 불멸의 피닉스 생명 검,검,false
13,영원불멸의 피닉스 생명 검,검,false
14,무한 환생의 피닉스 생명 검,검,false
15,절대 불멸의 피닉스 생명 검,검,false
16,우주 만상의 생명 섭리,검,false
17,만생 우주의 시원 섭리,검,false
18,만유 시공간의 근원 섭리,검,false
19,무한우주의 태초이자 종언의 섭리,검,false
20,우주 만상의 궁극 섭리,검,false
0,낡은 검,검,false
1,속삭이는 검,검,false
2,엇갈리는 검,검,false
3,붕괴하는 검,검,false
4,소멸하는 검,검,false
5,자아를 삼키는 침묵 검,검,false
6,조율된 침묵 검,검,false
7,공명의 침묵 검,검,false
8,절대 정적 검,검,false
9,태초의 울림 검,검,false
10,만상의 화음 검,검,false
11,반시의 통곡 검,검,false
12,반시의 절규 검,검,false
13,반시의 대절규 검,검,false
14,반시의 종언 절규 검,검,false
15,반시의 궁극적 절규 검,검,false
16,모든 소리를 삼킨 우주의 섭리,검,false
17,"태초의 침묵, 존재의 근원적 섭리",검,false
18,"차원의 종언, 절대적 침묵의 섭리",검,false
19,"태초의 침묵, 만물의 근원된 섭리",검,false
20,"우주를 품은 침묵, 절대 섭리의 종언",검,false
0,낡은 검,검,false
1,속삭이는 검,검,false
2,불협화음의 검,검,false
3,귀를 찢는 검,검,false
4,모든 소리를 집어삼키는 검,검,false
5,존재를 지워버리는 침묵,검,false
6,정제된 침묵의 검,검,false
7,무(無)의 속삭임 검,검,false
8,절대의 정적 검,검,false
9,우주의 율려 검,검,false
10,진공의 오케스트라 검,검,false
11,홀리는 진공의 사이렌 검,검,false
12,영혼을 꿰뚫는 사이렌의 절창 검,검,false
13,영혼을 궤멸시키는 사이렌의 종언 검,검,false
14,영혼을 지배하는 사이렌의 심연의 노래 검,검,false
15,영혼을 유린하는 사이렌의 절대심연의 진혼곡 검,검,false
16,우주적 침묵의 섭리: 만물의 종언 진혼곡,검,false
17,모든 차원의 궁극적 침묵: 존재의 소실 서곡,검,false
18,시공간 붕괴의 침묵: 우주적 존재 소멸의 섭리,검,false
19,모든 우주를 빚는 침묵: 절대적 무(無)의 종언,검,false
20,태초의 섭리: 모든 우주를 관장하는 절대적 침묵,검,false
0,낡은 검,검,false
1,스파크 검,검,false
2,지직거리는 검,검,false
3,과부하된 검,검,false
4,폭주하는 검,검,false
5,자신을 집어삼키는 검,검,false
6,정제된 전기의 검,검,false
7,뇌전의 검,검,false
8,폭풍의 눈 검,검,false
9,천둥 신의 검,검,false
10,천둥 신의 창조 뇌전검,검,false
11,인드라의 절대 권능 뇌전검,검,false
12,인드라의 초월적 뇌전검,검,false
13,인드라의 대신화 뇌전검,검,false
14,인드라의 패왕 뇌전검,검,false
15,인드라의 절대신 뇌전검,검,false
16,우주적 뇌전의 근원 섭리,검,false
17,다차원 뇌전의 절대 섭리,검,false
18,전지적 뇌전의 종언 섭리,검,false
19,만유 뇌전의 절대 섭리,검,false
20,다중우주 뇌전의 근원 섭리,검,false
0,낡은 검,검,false
1,시간의 흔적 검,검,false
2,뒤틀린 시간의 검,검,false
3,시간의 균열 검,검,false
4,시간의 붕괴 검,검,false
5,시간을 집어삼키는 검,검,false
6,시간을 조율하는 검,검,false
7,시간을 새기는 검,검,false
8,시간의 격류 검,검,false
9,시간의 근원 검,검,false
10,영겁의 시간 검,검,false
11,야누스 시종(始終)의 영겁 검,검,false
12,야누스 영겁의 문 검,검,false
13,야누스 대영겁의 시문 검,검,false
14,야누스 절대영겁의 시문 검,검,false
15,야누스 시공초월의 검,검,false
16,우주시간의 섭리,검,false
17,만상(萬象)의 시공간 법칙,검,false
18,다차원적 종언의 섭리,검,false
19,범우주적 창조와 종언의 시간 섭리,검,false
20,"절대시공의 시원과 종언, 우주의 근원적 섭리",검,false
0,초라한 벚꽃 검,검,false
1,싹트는 벚꽃 검,검,false
2,흐드러지는 벚꽃 검,검,false
3,혼란스러운 벚꽃 검,검,false
4,현혹하는 벚꽃 검,검,false
5,자아를 지우는 벚꽃 검,검,false
6,자아를 일깨우는 벚꽃 검,검,false
7,만개한 통찰의 벚꽃 검,검,false
8,춘분 통찰의 벚꽃 검,검,false
9,태초의 봄 벚꽃 검,검,false
10,영원의 시작 벚꽃 검,검,false
11,신화의 만개하는 벚꽃 검,검,false
12,만천화우 벚꽃 신화 검,검,false
13,만천화우 벚꽃 신화의 화신 검,검,false
14,만천화우 벚꽃 신화의 궁극 화신 검,검,false
15,만개한 벚꽃 신화의 절대적 화신 검,검,false
16,우주적 벚꽃 섭리의 시공검,검,false
17,다중우주 섭리의 종언검,검,false
18,절대적 시공간의 무한 종언검,검,false
19,우주 만물과 비존재의 근원적 섭리검,검,false
20,모든 우주와 비존재의 절대적 종언 섭리검,검,false
0,낡은 검,검,false
1,아지랑이 검,검,false
2,헛것 검,검,false
3,망상 검,검,false
4,자아 잠식의 검,검,false
5,현실 침식의 검,검,false
6,몽환 조율자의 검,검,false
7,몽환 지배자의 검,검,false
8,현실 구현자의 검,검,false
9,몽환의 지배자 검,검,false
10,창조의 꿈 검,검,false
11,모르페우스의 환몽 검,검,false
12,모르페우스의 심연몽 검,검,false
13,모르페우스의 궁극심연 검,검,false
14,모르페우스의 절대몽환 검,검,false
15,모르페우스의 신성몽환 검,검,false
16,우주적 몽환의 섭리,검,false
17,모든 존재의 근원적 몽환 섭리,검,false
18,우주 만상의 종언적 몽환 진리,검,false
19,근원적 몽환 우주의 섭리,검,false
20,궁극적 몽환 우주의 섭리,검,false
0,낡은 검,검,false
1,어둠의 기운 검,검,false
2,휘감는 어둠 검,검,false
3,뒤틀린 어둠 검,검,false
4,잠식하는 어둠 검,검,false
5,존재를 지우는 어둠 검,검,false
6,그림자를 엮는 어둠 검,검,false
7,심연의 어둠 검,검,false
8,절멸의 공허 검,검,false
9,태고의 암흑 검,검,false
10,창세의 심연 검,검,false
11,에레보스의 태초 심연 검,검,false
12,에레보스의 궁극 심연 검,검,false
13,에레보스의 대심연 검,검,false
14,에레보스의 절대심연 검,검,false
15,에레보스의 궁극심연 검,검,false
16,"우주의 심연, 모든 존재의 종언 섭리",검,false
17,"영원한 종극, 모든 차원의 절대 섭리",검,false
18,"영원한 심연, 시공간의 종언 섭리",검,false
19,"태초의 암흑, 만유의 절대적 섭리",검,false
20,"우주적 종언, 모든 존재를 품은 무한한 공허",검,false
0,낡은 검,검,false
1,어스름 검,검,false
2,흐릿한 그림자 검,검,false
3,잠식하는 그림자 검,검,false
4,통제불능의 그림자 검,검,false
5,존재를 잠식하는 그림자 검,검,false
6,정제된 그림자 검,검,false
7,속삭이는 그림자 검,검,false
8,심연의 그림자 검,검,false
9,망각의 그림자 검,검,false
10,태초의 그림자 검,검,false
11,검은 신의 태초 그림자 검,검,false
12,체르노보그의 흑암 지배자 검,검,false
13,체르노보그의 심연 멸망자 검,검,false
14,체르노보그의 궁극 흑암 멸망자 검,검,false
15,체르노보그의 종언 흑암 멸망자 검,검,false
16,그림자 우주의 종언 섭리,검,false
17,그림자 모든 우주의 종언 섭리,검,false
18,그림자 차원의 종언 섭리,검,false
19,그림자 절대 우주의 종언 섭리,검,false
20,그림자 존재와 비존재의 태초 섭리,검,false
0,낡은 검,검,false
1,얼어붙은 검,검,false
2,시린 검,검,false
3,냉혹한 검,검,false
4,심장을 잠식하는 검,검,false
5,존재를 파쇄하는 한기,검,false
6,정제된 한기,검,false
7,빙결의 칼날 검,검,false
8,절대 영도의 검,검,false
9,만상의 빙점의 검,검,false
10,태초의 빙결 검,검,false
11,이미르 태초의 서리 검,검,false
12,이미르 절대권능 서리 검,검,false
13,이미르 태초권능 서리 검,검,false
14,이미르 절대권능 빙하 검,검,false
15,이미르 원초 절대권능 빙하 검,검,false
16,세계 시원의 냉기 섭리,검,false
17,모든 우주의 냉기 종언 섭리,검,false
18,절대적 시공간의 냉기 종언 섭리,검,false
19,모든 우주의 궁극적 근원 냉기 섭리,검,false
20,모든 차원 우주의 궁극적 종언 냉기 섭리,검,false
0,낡은 검,검,false
1,여명의 검,검,false
2,강렬한 햇살의 검,검,false
3,작열하는 태양의 검,검,false
4,생명력을 말려 죽이는 태양의 검,검,false
5,자신을 불태우는 태양의 검,검,false
6,떠오르는 태양의 검,검,false
7,찬란한 섬광의 태양 검,검,false
8,태양의 심장 검,검,false
9,찬란한 태양 검,검,false
10,창세의 태양 검,검,false
11,라의 신성한 태양 검,검,false
12,라의 절대 권능 태양 검,검,false
13,라의 영원 권능 태양 검,검,false
14,라의 태초 신격 검,검,false
15,라의 절대 창조 신성 검,검,false
16,우주 만상의 태양 섭리,검,false
17,모든 차원과 시공간을 초월한 태양 섭리,검,false
18,"만상(萬象)의 근원, 태양 섭리의 절대적 종언",검,false
19,"모든 실존의 태초이자 종언, 다중 우주 섭리의 초월적 구심점",검,false
20,"영원한 태양의 절대적 섭리, 모든 존재계의 궁극적 세계",검,false
0,낡은 검,검,false
1,여명의 검,검,false
2,눈부신 검,검,false
3,작열하는 검,검,false
4,맹렬한 눈먼 검,검,false
5,스스로를 소각하는 눈먼 검,검,false
6,여명의 길잡이 검,검,false
7,작열하는 태양의 검,검,false
8,여명의 태양 검,검,false
9,불변의 태양 검,검,false
10,창세의 태양 검,검,false
11,아마테라스의 천조 검,검,false
12,아마테라스의 진정한 천조 검,검,false
13,아마테라스의 지고한 천조 검,검,false
14,아마테라스의 절대신위 천조 검,검,false
15,아마테라스의 황천조 궁극신위 검,검,false
16,우주 태양의 태초 섭리,검,false
17,모든 시공간을 아우르는 태양의 근원 섭리,검,false
18,모든 차원과 존재를 초월한 태양 섭리,검,false
19,모든 우주의 시작과 종언을 결정하는 태양 섭리,검,false
20,"모든 실재의 근원, 우주 만상을 규정하는 절대 섭리",검,false
0,낡은 검,검,false
1,영혼 스며든 검,검,false
2,영혼 잠식하는 검,검,false
3,영혼 탐식의 검,검,false
4,영혼 잠식의 검,검,false
5,영혼 포식의 검,검,false
6,영혼 감응의 검,검,false
7,영혼 조율의 검,검,false
8,영혼 심판의 검,검,false
9,영혼 율법의 검,검,false
10,영혼 심판의 검,검,false
11,아누비스의 망자 인도 검,검,false
12,아누비스의 진정한 인도자 검,검,false
13,아누비스의 대(大)심판자 검,검,false
14,아누비스의 명계(冥界)의 절대심판자 검,검,false
15,아누비스의 명계(冥界)를 다스리는 영원한 지배자 검,검,false
16,우주의 모든 영혼을 관장하는 종언의 섭리,검,false
17,다중 우주의 모든 영혼을 관장하는 근원적 종언의 섭리,검,false
18,모든 차원의 시원적 영혼을 관장하는 궁극적 종언의 섭리,검,false
19,모든 우주와 차원의 태초와 종언을 꿰뚫는 영원한 실존의 섭리,검,false
20,만유의 시공간과 존재를 초월한 궁극의 절대적 섭리,검,false
0,낡은 검,검,false
1,이슬 맺힌 검,검,false
2,얼어붙은 검,검,false
3,냉혹한 검,검,false
4,모든 것을 잠식하는 검,검,false
5,심연의 검,검,false
6,고요한 심해 검,검,false
7,해일의 힘 검,검,false
8,모든 것을 삼키는 검,검,false
9,생명의 근원 검,검,false
10,태초의 바다 검,검,false
11,신화의 리바이어던 검,검,false
12,심연의 리바이어던 검,검,false
13,대신화의 리바이어던 검,검,false
14,심해 권능의 리바이어던 검,검,false
15,심연 군주 리바이어던 검,검,false
16,우주적 물의 섭리,검,false
17,다중우주의 물의 섭리,검,false
18,우주 종언의 물의 섭리,검,false
19,만상(萬象)의 근원을 이루는 물의 궁극적 섭리,검,false
20,"모든 존재와 비존재를 관장하는 태초의 종언, 물의 우주적 섭리",검,false
0,낡은 검,검,false
1,잿불 검,검,false
2,그을린 검,검,false
3,불안정한 불꽃 검,검,false
4,폭주하는 화염 검,검,false
5,자신을 태우는 화염 검,검,false
6,정제된 불꽃 검,검,false
7,푸른 불꽃 검,검,false
8,태양의 불꽃 검,검,false
9,불멸의 불꽃 검,검,false
10,창세의 불꽃 검,검,false
11,신화의 아그니 화신 검,검,false
12,아그니의 심장 불꽃 검,검,false
13,대(大) 아그니의 업화 검,검,false
14,궁극의 아그니 업화 검,검,false
15,아그니의 태초 불멸 업화 검,검,false
16,우주 태초 불멸의 불꽃 섭리,검,false
17,모든 시공을 엮는 태초의 섭리 화염,검,false
18,"다중 우주와 종언의 섭리, 불멸의 화염",검,false
19,"모든 존재와 비존재의 근원, 태초의 불멸 섭리",검,false
20,"종언과 태초의 불꽃, 영원한 우주의 섭리",검,false
0,낡은 검,검,false
1,찰나의 검,검,false
2,뒤틀린 검,검,false
3,시공 균열의 검,검,false
4,시공 붕괴의 검,검,false
5,존재 부정의 검,검,false
6,시간 조율의 검,검,false
7,시간 조작의 검,검,false
8,시간의 지휘자 검,검,false
9,시간의 섭리 검,검,false
10,영원의 심판 검,검,false
11,사투르누스의 섭리 검,검,false
12,사투르누스의 절대 시간 검,검,false
13,사투르누스의 영겁의 종말 검,검,false
14,사투르누스의 절대적 파멸 검,검,false
15,사투르누스의 영겁의 종언 검,검,false
16,모든 우주적 시간의 종언을 초월한 섭리,검,false
17,모든 차원의 시공간을 직조하는 종언의 섭리,검,false
18,근원적 우주의 모든 시공간을 엮어내는 절대적 섭리,검,false
19,모든 시공간의 종언과 재탄생을 명하는 궁극의 섭리,검,false
20,"만상(萬象)의 종언이자 시작, 모든 시간과 우주의 절대적 섭리",검,false
0,낡은 검,검,false
1,철심 박힌 검,검,false
2,뒤틀린 철심 박힌 검,검,false
3,압박하는 강철심 검,검,false
4,파열하는 강철심 검,검,false
5,자기파괴적인 강철심 검,검,false
6,응집된 강철심 검,검,false
7,초밀도 강철 검,검,false
8,강철심 검,검,false
9,불굴의 강철 검,검,false
10,창세의 강철 검,검,false
11,신화의 와일랜드 강철 검,검,false
12,와일랜드의 진정한 신화 강철 검,검,false
13,와일랜드의 대신화 강철 검,검,false
14,와일랜드의 절대신화 강철 검,검,false
15,와일랜드의 궁극신화 강철 검,검,false
16,우주의 근원적 강철 섭리,검,false
17,모든 차원의 강철 섭리,검,false
18,시공 종언의 강철 섭리,검,false
19,다중우주 근원의 강철 섭리,검,false
20,모든 우주 만상의 궁극 섭리,검,false
0,낡은 검,검,false
1,촉촉한 검,검,false
2,얼어붙은 검,검,false
3,냉혹한 검,검,false
4,모든 것을 잠식하는 검,검,false
5,심연의 검,검,false
6,고요한 심해의 검,검,false
7,해일의 힘 검,검,false
8,모든 것을 삼키는 검,검,false
9,생명의 근원 검,검,false
10,태초의 바다 검,검,false
11,포세이돈의 심해 지배 검,검,false
12,포세이돈의 진정한 해왕 검,검,false
13,포세이돈의 궁극의 해왕 검,검,false
14,포세이돈의 초월적 근원 해왕 검,검,false
15,포세이돈의 지고한 해왕신 검,검,false
16,모든 우주적 섭리의 심연,검,false
17,"태초의 우주적 섭리, 근원의 심연",검,false
18,"절대적 섭리, 다중우주 종언의 심연",검,false
19,"영겁의 물결, 만물 존재의 궁극적 심연",검,false
20,"태초의 심연, 만물 우주의 궁극적 섭리",검,false
0,낡은 발렌타인 검,검,false
1,풋사랑의 초콜릿 검,검,false
2,녹아내리는 초콜릿 검,검,false
3,얽매는 초콜릿 검,검,false
4,집어삼키는 초콜릿 검,검,false
5,자아를 소멸시키는 초콜릿 검,검,false
6,매혹의 초콜릿 검,검,false
7,맹세의 초콜릿 검,검,false
8,운명의 초콜릿 검,검,false
9,영원의 초콜릿 검,검,false
10,창세의 초콜릿 검,검,false
11,탐욕 신화의 초콜릿 검,검,false
12,심연의 초콜릿 신화 검,검,false
13,심연의 초콜릿 절대신화 검,검,false
14,심연의 초콜릿 지배신화 검,검,false
15,절대심연의 초콜릿 패왕신화 검,검,false
16,절대심연의 발렌타인 우주 법칙,검,false
17,다중우주의 발렌타인 종언의 섭리,검,false
18,만물 근원의 발렌타인 종언의 섭리,검,false
19,"발렌타인, 모든 섭리를 초월한 절대적 근원",검,false
20,"발렌타인, 태초와 종언을 엮는 절대 섭리",검,false
0,낡은 검,검,false
1,피 묻은 검,검,false
2,피맺힌 검,검,false
3,맥동하는 피의 검,검,false
4,피를 갈구하는 검,검,false
5,주인의 피를 말리는 검,검,false
6,응축된 혈액의 검,검,false
7,혈류 제어의 검,검,false
8,진혈 군주의 검,검,false
9,영원한 혈맥의 검,검,false
10,진홍빛 창세의 검,검,false
11,카마소츠의 피의 심연 검,검,false
12,카마소츠의 진홍빛 절대심연 검,검,false
13,카마소츠의 혈월(血月) 공포 검,검,false
14,카마소츠의 혈월(血月) 종말군주 검,검,false
15,카마소츠의 혈월(血月) 신위(神威) 검,검,false
16,우주의 혈맥: 종언의 섭리,검,false
17,다중우주의 혈맥: 궁극의 섭리,검,false
18,영원의 혈맥: 시공의 종언,검,false
19,모든 차원의 혈맥: 종언의 절대 섭리,검,false
20,영원의 혈맥: 우주 만물의 궁극적 섭리,검,false
0,낡은 검,검,false
1,피묻은 검,검,false
2,피를 갈구하는 검,검,false
3,피에 굶주린 검,검,false
4,피를 강탈하는 검,검,false
5,피에 잠식된 검,검,false
6,피의 율동 검,검,false
7,피의 포식 검,검,false
8,피의 군주 검,검,false
9,생명의 원천 검,검,false
10,만물의 피 검,검,false
11,원초의 밤 검,검,false
12,릴리트의 맹약 검,검,false
13,밤의 지배자 릴리트의 검,검,false
14,"태초의 밤, 릴리트의 검",검,false
15,"밤의 심연, 릴리트의 절대 검",검,false
16,"우주의 섭리, 혈족의 종언",검,false
17,"무한 우주의 섭리, 피의 종언",검,false
18,"만상의 근원, 피의 종언",검,false
19,"모든 우주의 혈액, 존재의 궁극적 섭리",검,false
20,"태초의 혈액, 모든 우주와 섭리의 종언",검,false
0,낡은 검,검,false
1,핏빛 검,검,false
2,갈증의 검,검,false
3,탐식하는 검,검,false
4,역류하는 검,검,false
5,주인을 잠식하는 검,검,false
6,핏빛 공명 검,검,false
7,피의 맹세 검,검,false
8,선혈의 지배자 검,검,false
9,진홍빛 생명 검,검,false
10,영원한 혈맥 검,검,false
11,세크메트의 진노 혈맥 검,검,false
12,세크메트의 핏빛 광란 검,검,false
13,세크메트의 절대적 핏빛 재앙 검,검,false
14,세크메트의 원초적 핏빛 재앙 검,검,false
15,세크메트의 궁극적 핏빛 파멸 검,검,false
16,우주의 피: 종언의 섭리,검,false
17,모든 우주의 피: 절대적 율법,검,false
18,다중 우주의 종언: 근원적 섭리,검,false
19,절대 우주의 종언: 혈정(血晶)의 섭리,검,false
20,다중우주 종언의 태동: 영원의 혈정(血晶) 우주,검,false
0,낡은 검,검,false
1,혼돈의 싹 검,검,false
2,뒤틀린 혼돈의 검,검,false
3,불안정한 혼돈의 검,검,false
4,폭주하는 혼돈의 검,검,false
5,존재를 비트는 혼돈의 검,검,false
6,응축된 혼돈의 검,검,false
7,격동하는 혼돈 검,검,false
8,뒤틀린 섭리의 혼돈 검,검,false
9,태초 섭리의 혼돈 검,검,false
10,영겁의 혼돈 검,검,false
11,혼돈을 농락하는 교활한 검,검,false
12,로키의 운명을 조롱하는 혼돈의 검,검,false
13,"로키의 만물조롱, 궁극의 혼돈 검",검,false
14,"로키의 만물파괴, 절대혼돈의 검",검,false
15,"로키의 만물멸절, 종말혼돈의 검",검,false
16,"우주종언의 섭리, 태초혼돈의 법칙",검,false
17,"모든 차원의 종언, 근원혼돈의 우주법칙",검,false
18,"무한 차원의 종언, 태초혼돈의 절대 섭리",검,false
19,"모든 우주의 종언, 태초혼돈의 심연 섭리",검,false
20,"영원혼돈의 태초, 다중우주를 초월한 종언 섭리",검,false
0,낡은 검,검,false
1,흐릿한 달빛 검,검,false
2,흔들리는 달빛 검,검,false
3,현혹하는 달빛 검,검,false
4,삼키는 달 그림자 검,검,false
5,소멸하는 달 그림자 검,검,false
6,고요한 달그림자 검,검,false
7,춤추는 달빛 검,검,false
8,인력의 달 검,검,false
9,영원의 달 검,검,false
10,태초의 달 검,검,false
11,츠쿠요미의 태초 신화 검,검,false
12,츠쿠요미의 절대 신화 검,검,false
13,츠쿠요미의 대신화 검,검,false
14,츠쿠요미의 영겁의 신화 검,검,false
15,츠쿠요미의 궁극의 신화 검,검,false
16,세계를 엮는 달의 섭리,검,false
17,존재하는 모든 세계의 섭리를 아우르는 달의 종언,검,false
18,다중우주의 시공간 섭리를 지배하는 달의 종언,검,false
19,우주 만상의 원형이자 종언의 달,검,false
20,"만상일여(萬象一如)의 궁극자, 달의 절대적 종언",검,false
0,낡은 검,검,false
1,흐릿한 달빛 검,검,false
2,일렁이는 달빛 검,검,false
3,현혹하는 달빛 검,검,false
4,탐식하는 달그림자 검,검,false
5,자아 소멸의 달그림자 검,검,false
6,초승달의 인도 검,검,false
7,달그림자의 심판 검,검,false
8,영원한 월광 검,검,false
9,천상의 달 검,검,false
10,창조의 달 검,검,false
11,아르테미스 순결의 사냥 검,검,false
12,아르테미스 신위(神威)의 은월 검,검,false
13,아르테미스 절대신성(絶代神聖)의 은월 검,검,false
14,아르테미스 영원신성(永遠神聖)의 은월 검,검,false
15,아르테미스 절대신성(絶對神聖)의 은월 검,검,false
16,종언의 은월 우주 섭리,검,false
17,"만유(萬有)의 종언, 시공간 섭리",검,false
18,"다중우주(多重宇宙)의 종언, 근원 시공간의 섭리",검,false
19,"절대(絶對)의 종언, 모든 시공간을 꿰뚫는 섭리",검,false
20,"만상(萬象)의 종언, 우주를 빚는 절대섭리",검,false
0,낡은 검,검,false
1,흐릿한 영혼의 검,검,false
2,일렁이는 영혼의 검,검,false
3,굶주린 영혼의 검,검,false
4,잠식하는 영혼의 검,검,false
5,존재를 지우는 영혼의 검,검,false
6,응축된 영혼의 검,검,false
7,영혼의 공명 검,검,false
8,영혼의 융합 검,검,false
9,영혼 군주의 검,검,false
10,혼백의 기원 검,검,false
11,신화의 발키리 영혼 검,검,false
12,진정한 신화의 발키리 인도자 검,검,false
13,대신화의 발키리 인도자 검,검,false
14,궁극신화의 발키리 인도자 검,검,false
15,정점신화의 발키리 인도자 검,검,false
16,모든 세계의 영혼 섭리,검,false
17,차원의 영혼 종언의 섭리,검,false
18,시공간 초월 영혼의 궁극 섭리,검,false
19,만유를 꿰뚫는 영혼의 종언 섭리,검,false
20,모든 우주의 영혼을 관장하는 태초와 종언 섭리,검,false
0,낡은 검,검,false
1,흐릿한 음파 검,검,false
2,거슬리는 음파 검,검,false
3,고막을 찢는 음파 검,검,false
4,침묵을 강요하는 음파 검,검,false
5,존재를 소거하는 공허의 검,검,false
6,공명하는 정적의 검,검,false
7,심연의 침묵 검,검,false
8,태초의 침묵 검,검,false
9,진리의 침묵 검,검,false
10,창조의 율동 검,검,false
11,하르포크라테스의 봉인율동 검,검,false
12,하르포크라테스의 심연의 봉인율동 검,검,false
13,하르포크라테스의 절대 봉인: 영겁의 침묵 검,검,false
14,하르포크라테스의 근원 봉인: 우주의 종언 검,검,false
15,하르포크라테스의 절대 봉인: 진리 소멸의 침묵 검,검,false
16,우주적 침묵의 섭리: 태초의 종언,검,false
17,모든 존재의 근원적 침묵: 절대적 종언의 율법,검,false
18,모든 시공간의 궁극적 침묵: 우주적 종언의 섭리,검,false
19,영원한 침묵: 모든 다중우주의 절대적 종언이자 시작의 섭리,검,false
20,"절대 침묵: 만물과 무(無)의 궁극적 조화, 우주 그 자체의 섭리",검,false
0,낡은 검,검,false
1,흐릿한 환영의 검,검,false
2,왜곡된 환영의 검,검,false
3,현실을 잠식하는 환상의 검,검,false
4,현실을 조롱하는 환상의 검,검,false
5,자아를 집어삼키는 환상의 검,검,false
6,현실을 비추는 환상의 검,검,false
7,환영을 엮는 꿈의 검,검,false
8,경계를 허무는 꿈의 검,검,false
9,몽환의 근원 검,검,false
10,환상의 창세 검,검,false
11,신화몽환의 창세 검,검,false
12,초월니드라의 창세 검,검,false
13,니드라 만상의 직조 검,검,false
14,니드라 영겁 환상의 검,검,false
15,니드라 절대환몽의 검,검,false
16,우주적 환몽의 섭리,검,false
17,모든 우주의 근원적 환몽 섭리,검,false
18,다차원 우주의 종언적 환몽 섭리,검,false
19,모든 시공간의 근원적 환몽 섭리,검,false
20,만상과 공허의 궁극적 환몽 섭리,검,false
0,낡은 검,검,false
1,흙먼지 검,검,false
2,둔중한 흙 검,검,false
3,억압하는 흙 검,검,false
4,삼켜버리는 흙 검,검,false
5,주인을 석화시키는 암석 검,검,false
6,응고된 대지 검,검,false
7,진동하는 대지 검,검,false
8,만물을 짓누르는 대지 검,검,false
9,불변의 대지 검,검,false
10,태초의 대지 검,검,false
11,가이아의 모태 검,검,false
12,가이아의 태초 핵 검,검,false
13,가이아의 절대 핵 검,검,false
14,이두나의 영원불멸 신화 검,검,false
15,이두나의 창세 영생 신화 검,검,false
16,우주를 빚는 대지의 섭리,검,false
17,모든 우주와 차원의 태초적 섭리,검,false
18,다중우주를 관장하는 절대적 섭리,검,false
19,우주 만물의 본질을 빚는 종언의 섭리,검,false
20,무한우주를 빚는 종언의 대섭리,검,false
0,낡은 검,검,false
1,희미한 운명의 검,검,false
2,뒤틀린 운명의 검,검,false
3,속박된 운명의 검,검,false
4,섭리에 잠식된 검,검,false
5,섭리의 꼭두각시가 된 검,검,false
6,섭리의 흐름을 다루는 검,검,false
7,운명의 길을 엮는 검,검,false
8,섭리의 흐름을 다스리는 검,검,false
9,섭리의 운율을 새기는 검,검,false
10,섭리조차 엮는 검,검,false
11,노른이 빚어낸 숙명의 검,검,false
12,노른이 새긴 절대 운명의 검,검,false
13,노른이 엮은 태초 운명의 검,검,false
14,"노른의 칙령, 종언의 검",검,false
15,"노른의 궁극율, 운명직조 검",검,false
16,"우주율, 근원의 섭리",검,false
17,"다중우주의 섭리, 만상(萬象)의 율법",검,false
18,"우주(宇宙)의 태초(太初)와 종언(終焉), 차원(次元)을 꿰뚫는 절대율법",검,false
19,모든 존재와 비존재의 근원을 엮는 영원한 섭리의 절정,검,false
20,만유와 무(無)를 엮는 우주적 섭리: 태초이자 종언의 근원,검,false
0,낡은 검,검,false
1,희미한 축복의 검,검,false
2,맹목적인 축복의 검,검,false
3,강요하는 축복의 검,검,false
4,영혼을 잠식하는 축복의 검,검,false
5,존재를 소멸시키는 축복의 검,검,false
6,성결한 축복의 검,검,false
7,천상의 축복 검,검,false
8,신성한 율법 검,검,false
9,신성한 섭리 검,검,false
10,창세의 축복 검,검,false
11,신화의 서약 검,검,false
12,미트라의 진실된 맹세 검,검,false
13,미트라의 불멸하는 율법 검,검,false
14,미트라의 영원한 진리의 검,검,false
15,미트라의 완성된 진리의 검,검,false
16,우주의 근원적 섭리,검,false
17,만상의 근원적 섭리,검,false
18,모든 차원의 종언과 재림의 섭리,검,false
19,모든 우주를 관장하는 시원의 섭리,검,false
20,모든 우주를 넘어선 궁극의 절대 섭리,검,false
0,낡은 몽둥이,몽둥이,false
1,가벼운 몽둥이,몽둥이,false
2,흔들리는 몽둥이,몽둥이,false
3,잔상을 남기는 몽둥이,몽둥이,false
4,신체를 마모시키는 몽둥이,몽둥이,false
5,스스로를 찢어버리는 몽둥이,몽둥이,false
6,제어된 맹돌의 몽둥이,몽둥이,false
7,섬광추격의 몽둥이,몽둥이,false
8,찰나질풍의 몽둥이,몽둥이,false
9,공간왜곡의 몽둥이,몽둥이,false
10,무위경계의 몽둥이,몽둥이,false
11,신화의 팔족마 질주 몽둥이,몽둥이,false
12,"완전한 신화, 슬레이프니르의 몽둥이",몽둥이,false
13,"절대적 신화, 슬레이프니르의 몽둥이",몽둥이,false
14,"영원한 신화, 슬레이프니르의 몽둥이",몽둥이,false
15,"절대 신화, 슬레이프니르의 몽둥이",몽둥이,false
16,"우주적 섭리, 시공간의 흐름",몽둥이,false
17,"모든 시공간의 종언, 우주 근원의 섭리",몽둥이,false
18,"모든 차원계를 엮는 영원한 섭리, 근원적 존재의 율동",몽둥이,false
19,"모든 우주의 종언을 관장하는 궁극의 율동, 근원적 무(無)의 회귀",몽둥이,false
20,"만상(萬象)의 시작과 종언을 관장하는 태초의 율동, 존재와 비존재의 근원적 섭리",몽둥이,false
0,낡은 몽둥이,몽둥이,false
1,강철 덧댄 몽둥이,몽둥이,false
2,삐걱이는 강철 몽둥이,몽둥이,false
3,뒤틀린 강철 몽둥이,몽둥이,false
4,파열하는 강철 몽둥이,몽둥이,false
5,피를 흩뿌리는 강철 몽둥이,몽둥이,false
6,굳건한 강철 몽둥이,몽둥이,false
7,파쇄 강철 몽둥이,몽둥이,false
8,불굴 강철 몽둥이,몽둥이,false
9,절대 강철 몽둥이,몽둥이,false
10,창조의 강철 몽둥이,몽둥이,false
11,신화의 드베르그 창조 몽둥이,몽둥이,false
12,드베르그 절대의 창조 몽둥이,몽둥이,false
13,드베르그 만물의 창조 몽둥이,몽둥이,false
14,드베르그 만물의 궁극 창조 몽둥이,몽둥이,false
15,드베르그 만물의 영원한 창조 몽둥이,몽둥이,false
16,우주 만물의 근원적 섭리,몽둥이,false
17,모든 우주의 시초이자 종언,몽둥이,false
18,차원 너머의 무한 섭리,몽둥이,false
19,모든 우주의 근원적 종언 섭리,몽둥이,false
20,모든 시공간을 초월한 우주 절대 섭리,몽둥이,false
0,낡은 몽둥이,몽둥이,false
1,경쾌한 몽둥이,몽둥이,false
2,과속의 몽둥이,몽둥이,false
3,폭주하는 몽둥이,몽둥이,false
4,제어 불능의 몽둥이,몽둥이,false
5,형체를 붕괴시키는 몽둥이,몽둥이,false
6,찰나의 궤적 몽둥이,몽둥이,false
7,무형의 잔상 몽둥이,몽둥이,false
8,공간 파열 몽둥이,몽둥이,false
9,차원 도약 몽둥이,몽둥이,false
10,시공간 지배 몽둥이,몽둥이,false
11,신화의 헤르메스 비상 몽둥이,몽둥이,false
12,초월의 헤르메스 비상 몽둥이,몽둥이,false
13,절정의 헤르메스 비상 몽둥이,몽둥이,false
14,헤르메스 극속 전령 몽둥이,몽둥이,false
15,헤르메스 궁극신위 전령 몽둥이,몽둥이,false
16,"만유의 속도, 초월적 섭리",몽둥이,false
17,"모든 차원의 속도, 우주적 종언의 섭리",몽둥이,false
18,"근원적 차원의 속도, 절대적 우주의 종언",몽둥이,false
19,"무한 우주의 율법, 모든 존재의 근원",몽둥이,false
20,"태초와 종언의 절대 섭리, 모든 시공간의 근원",몽둥이,false
0,낡은 몽둥이,몽둥이,false
1,그림자 깃든 몽둥이,몽둥이,false
2,그림자 갈망하는 몽둥이,몽둥이,false
3,그림자 속삭이는 몽둥이,몽둥이,false
4,그림자 잠식하는 몽둥이,몽둥이,false
5,실체를 지우는 그림자 몽둥이,몽둥이,false
6,응축된 그림자 몽둥이,몽둥이,false
7,잠식하는 그림자 몽둥이,몽둥이,false
8,소멸의 그림자 몽둥이,몽둥이,false
9,태초의 그림자 몽둥이,몽둥이,false
10,창세의 그림자 몽둥이,몽둥이,false
11,원초적 악의 그림자 몽둥이,몽둥이,false
12,앙그라 마이뉴의 심연 몽둥이,몽둥이,false
13,앙그라 마이뉴의 절대 공허 몽둥이,몽둥이,false
14,앙그라 마이뉴의 궁극적 파멸 몽둥이,몽둥이,false
15,앙그라 마이뉴의 절대 소멸 몽둥이,몽둥이,false
16,종언의 그림자 우주 섭리,몽둥이,false
17,모든 차원의 그림자 종언 섭리,몽둥이,false
18,절대 차원의 그림자 종언 섭리,몽둥이,false
19,태초 무(無)의 그림자 종언 섭리,몽둥이,false
20,"우주 만상(萬象)의 종언(終焉), 절대 그림자 섭리",몽둥이,false
0,낡은 몽둥이,몽둥이,false
1,그림자 몽둥이,몽둥이,false
2,스며드는 그림자 몽둥이,몽둥이,false
3,잠식하는 그림자 몽둥이,몽둥이,false
4,형체를 왜곡하는 그림자 몽둥이,몽둥이,false
5,존재를 지우는 그림자 몽둥이,몽둥이,false
6,어둠을 길들인 그림자 몽둥이,몽둥이,false
7,심연의 그림자 몽둥이,몽둥이,false
8,공허의 몽둥이,몽둥이,false
9,영겁의 그림자 몽둥이,몽둥이,false
10,태초의 그림자 몽둥이,몽둥이,false
11,닉스의 심연 몽둥이,몽둥이,false
12,닉스의 태초 몽둥이,몽둥이,false
13,닉스의 절대 심연 몽둥이,몽둥이,false
14,닉스의 궁극의 태초 심연 몽둥이,몽둥이,false
15,닉스의 만물을 집어삼키는 절대 심연 몽둥이,몽둥이,false
16,우주의 섭리를 거스르는 종언의 암흑,몽둥이,false
17,다차원 우주 종언의 근원적 암흑,몽둥이,false
18,모든 다중우주를 초월한 종언의 근원적 섭리,몽둥이,false
19,"모든 존재와 비존재의 끝, 심연의 절대적 원리",몽둥이,false
20,"모든 우주의 종언을 관장하는 섭리, 궁극의 무(無)",몽둥이,false
0,낡은 몽둥이,몽둥이,false
1,독기 묻은 몽둥이,몽둥이,false
2,독기에 물든 몽둥이,몽둥이,false
3,독기에 침식된 몽둥이,몽둥이,false
4,독기로 뒤틀린 몽둥이,몽둥이,false
5,자멸하는 맹독의 몽둥이,몽둥이,false
6,제어된 맹독의 몽둥이,몽둥이,false
7,점진적 부패의 몽둥이,몽둥이,false
8,심연의 부패 몽둥이,몽둥이,false
9,혼돈의 맹독 몽둥이,몽둥이,false
10,창세의 맹독 몽둥이,몽둥이,false
11,신화의 히드라 맹독 몽둥이,몽둥이,false
12,불멸의 히드라 맹독 몽둥이,몽둥이,false
13,영겁의 히드라 맹독 몽둥이,몽둥이,false
14,만개하는 히드라 영생독 몽둥이,몽둥이,false
15,불멸의 히드라 영생독 몽둥이,몽둥이,false
16,만상 부패의 섭리,몽둥이,false
17,다중우주를 멸하는 부패 섭리,몽둥이,false
18,차원계의 부패를 관장하는 종언의 섭리,몽둥이,false
19,우주 만상의 부패를 관장하는 종언의 섭리,몽둥이,false
20,모든 우주와 차원의 종언을 규정하는 원초적 섭리,몽둥이,false
0,낡은 몽둥이,몽둥이,false
1,묵직한 몽둥이,몽둥이,false
2,압박하는 몽둥이,몽둥이,false
3,붕괴 직전의 몽둥이,몽둥이,false
4,파열하는 몽둥이,몽둥이,false
5,자신을 붕괴시키는 몽둥이,몽둥이,false
6,안정된 중압 몽둥이,몽둥이,false
7,심연 중력 몽둥이,몽둥이,false
8,특이점 중력 몽둥이,몽둥이,false
9,절대중력 몽둥이,몽둥이,false
10,창세의 중력 몽둥이,몽둥이,false
11,불굴의 창세 중력 몽둥이,몽둥이,false
12,안타이오스 영겁의 대지 몽둥이,몽둥이,false
13,안타이오스 절대 대지 몽둥이,몽둥이,false
14,안타이오스 영겁의 권능 몽둥이,몽둥이,false
15,안타이오스 절대의 권능 몽둥이,몽둥이,false
16,우주 만유인력의 섭리,몽둥이,false
17,우주 만상의 종언의 섭리,몽둥이,false
18,모든 차원의 종언을 짓누르는 절대적 섭리,몽둥이,false
19,전 우주적 존재와 비존재를 압도하는 근원의 무게,몽둥이,false
20,"우주 만상(萬象)의 종언, 새로운 섭리를 창조하는 태초의 무게",몽둥이,false
0,낡은 몽둥이,몽둥이,false
1,물든 낡은 몽둥이,몽둥이,false
2,얼어붙은 낡은 몽둥이,몽둥이,false
3,냉혹한 낡은 몽둥이,몽둥이,false
4,모든 것을 잠식하는 낡은 몽둥이,몽둥이,false
5,심연의 낡은 몽둥이,몽둥이,false
6,고요한 심해의 몽둥이,몽둥이,false
7,해일의 힘 몽둥이,몽둥이,false
8,모든 것을 삼키는 몽둥이,몽둥이,false
9,생명의 근원 몽둥이,몽둥이,false
10,태초의 바다 몽둥이,몽둥이,false
11,신화의 해룡 몽둥이,몽둥이,false
12,진정한 용왕의 해룡 몽둥이,몽둥이,false
13,대신화의 용왕 해신 몽둥이,몽둥이,false
14,절대신화의 용왕 해신 몽둥이,몽둥이,false
15,영겁신화의 용왕 해신 몽둥이,몽둥이,false
16,모든 우주를 맴도는 물의 섭리,몽둥이,false
17,모든 시공을 엮는 종언의 섭리,몽둥이,false
18,영겁의 모든 섭리를 주관하는 태초의 물결,몽둥이,false
19,"모든 우주와 시공의 근원이자 종언, 무한의 물결",몽둥이,false
20,"태초의 물결, 우주 만물의 종언을 품은 섭리",몽둥이,false
0,낡은 몽둥이,몽둥이,false
1,미숙한 애정의 몽둥이,몽둥이,false
2,집착하는 애정의 몽둥이,몽둥이,false
3,맹목적인 애정의 몽둥이,몽둥이,false
4,병적인 애착의 몽둥이,몽둥이,false
5,자아를 잠식하는 애착의 몽둥이,몽둥이,false
6,맹목을 떨친 애착의 몽둥이,몽둥이,false
7,인연을 엮는 매혹의 몽둥이,몽둥이,false
8,심연을 홀리는 매혹의 몽둥이,몽둥이,false
9,운명을 엮는 황홀경의 몽둥이,몽둥이,false
10,숙명의 실을 직조하는 몽둥이,몽둥이,false
11,프레이야의 금빛 숙명을 직조하는 몽둥이,몽둥이,false
12,프레이야의 영원한 금빛 숙명을 직조하는 몽둥이,몽둥이,false
13,프레이야의 절대적 숙명을 직조하는 몽둥이,몽둥이,false
14,프레이야의 초월적 운명을 선포하는 몽둥이,몽둥이,false
15,프레이야의 절대 섭리로 군림하는 몽둥이,몽둥이,false
16,우주적 사랑의 종언 섭리,몽둥이,false
17,다중우주를 꿰뚫는 사랑의 절대 섭리,몽둥이,false
18,만유의 사랑을 직조하는 우주의 근원적 섭리,몽둥이,false
19,"만물과 공허를 꿰뚫는 영원불멸의 사랑, 종언을 초월한 우주적 실체",몽둥이,false
20,모든 우주와 세계의 태초와 종언을 잉태하는 유일한 사랑의 섭리,몽둥이,false
0,낡은 몽둥이,몽둥이,false
1,미풍의 몽둥이,몽둥이,false
2,불안정한 바람의 몽둥이,몽둥이,false
3,현기증 나는 질주의 몽둥이,몽둥이,false
4,존재를 흐리는 질주의 몽둥이,몽둥이,false
5,시간을 삼켜버린 질주의 몽둥이,몽둥이,false
6,찰나를 붙잡는 질주의 몽둥이,몽둥이,false
7,잔광의 몽둥이,몽둥이,false
8,시공의 몽둥이,몽둥이,false
9,찰나의 몽둥이,몽둥이,false
10,영원한 순간의 몽둥이,몽둥이,false
11,"가루다 신화, 영겁의 비상 몽둥이",몽둥이,false
12,"궁극의 가루다 신화, 영겁의 비상 몽둥이",몽둥이,false
13,"대신화 가루다, 영겁 초월의 비상 몽둥이",몽둥이,false
14,"절대신화 가루다, 우주 초월의 광속 몽둥이",몽둥이,false
15,"궁극신화 가루다, 만물을 넘어선 영겁의 비상 몽둥이",몽둥이,false
16,"우주적 섭리 가속, 시공간을 꿰뚫는 절대 속도의 현상",몽둥이,false
17,"모든 시공간의 섭리, 우주적 흐름을 관장하는 종언의 속도",몽둥이,false
18,"모든 차원 너머의 초월적 섭리, 무한 시공의 개념을 관장하는 종언의 속도",몽둥이,false
19,"모든 우주의 근원적 섭리, 시공을 초월한 존재와 비존재의 궁극 속도",몽둥이,false
20,"우주 만물의 절대적 시공 섭리, 존재와 비존재의 궁극적 종언",몽둥이,false
0,낡은 몽둥이,몽둥이,false
1,분노의 몽둥이,몽둥이,false
2,사나워지는 분노의 몽둥이,몽둥이,false
3,폭주하는 분노의 몽둥이,몽둥이,false
4,광포한 격정의 몽둥이,몽둥이,false
5,주인을 삼키는 격정의 몽둥이,몽둥이,false
6,끓어오르는 분노의 몽둥이,몽둥이,false
7,작열하는 분노의 몽둥이,몽둥이,false
8,절멸의 분노 몽둥이,몽둥이,false
9,절대의 분노 몽둥이,몽둥이,false
10,태초의 광기 몽둥이,몽둥이,false
11,디오니소스의 광란 몽둥이,몽둥이,false
12,디오니소스의 신성한 광란 몽둥이,몽둥이,false
13,디오니소스의 절정 광란 몽둥이,몽둥이,false
14,디오니소스의 궁극 광란 몽둥이,몽둥이,false
15,디오니소스의 초월적 신격 몽둥이,몽둥이,false
16,우주적 광기의 섭리: 종언의 검,몽둥이,false
17,모든 차원의 종언: 섭리파괴자의 검,몽둥이,false
18,절대적 종언: 무한차원의 근원적 섭리,몽둥이,false
19,절대적 종언: 모든 존재의 궁극적 심연,몽둥이,false
20,대우주의 근원적 종언: 만상(萬象)을 삼키는 광기의 섭리,몽둥이,false
0,낡은 몽둥이,몽둥이,false
1,분노의 몽둥이,몽둥이,false
2,끓어오르는 몽둥이,몽둥이,false
3,억제 불능의 몽둥이,몽둥이,false
4,이성을 집어삼키는 몽둥이,몽둥이,false
5,스스로를 찢어발기는 몽둥이,몽둥이,false
6,억제된 광기의 몽둥이,몽둥이,false
7,격렬한 분노의 몽둥이,몽둥이,false
8,광란의 분노 몽둥이,몽둥이,false
9,불멸의 분노 몽둥이,몽둥이,false
10,태초의 분노 몽둥이,몽둥이,false
11,아레스의 격노 몽둥이,몽둥이,false
12,아레스의 학살 몽둥이,몽둥이,false
13,아레스의 대학살 몽둥이,몽둥이,false
14,아레스의 피의 절멸 몽둥이,몽둥이,false
15,아레스의 군신 강림 몽둥이,몽둥이,false
16,우주적 격노: 만상파괴의 섭리,몽둥이,false
17,모든 우주의 격노: 종언의 섭리,몽둥이,false
18,존재계의 격노: 초월적 종언의 섭리,몽둥이,false
19,모든 현실의 격노: 절대적 종언의 섭리,몽둥이,false
20,모든 우주의 격노: 만유를 삼키는 종언의 섭리,몽둥이,false
0,낡은 몽둥이,몽둥이,false
1,불안정한 공허 몽둥이,몽둥이,false
2,점식되는 공허 몽둥이,몽둥이,false
3,끈적이는 공허 몽둥이,몽둥이,false
4,존재를 지우는 공허 몽둥이,몽둥이,false
5,자아를 잠식하는 심연 몽둥이,몽둥이,false
6,심연의 응축 몽둥이,몽둥이,false
7,심연의 흐름 몽둥이,몽둥이,false
8,공허의 율법 몽둥이,몽둥이,false
9,공허의 심장 몽둥이,몽둥이,false
10,태초의 무 몽둥이,몽둥이,false
11,아프수 심연의 원류 몽둥이,몽둥이,false
12,아프수 태초의 권능 몽둥이,몽둥이,false
13,아프수 대심연의 권능 몽둥이,몽둥이,false
14,아프수 태초 심연의 근원 몽둥이,몽둥이,false
15,"아프수 근원의 심연, 절대의 권능 몽둥이",몽둥이,false
16,"우주의 심연, 섭리의 종언",몽둥이,false
17,"태초의 공허, 만물 섭리의 근원",몽둥이,false
18,"만유의 공허, 우주 섭리의 종언",몽둥이,false
19,"모든 우주의 종언, 절대 무(無)의 섭리",몽둥이,false
20,"태초의 공허, 모든 섭리의 근원",몽둥이,false
0,낡은 몽둥이,몽둥이,false
1,불안정한 마력 몽둥이,몽둥이,false
2,역류하는 마력 몽둥이,몽둥이,false
3,왜곡된 마력 몽둥이,몽둥이,false
4,통제불능의 마력 몽둥이,몽둥이,false
5,존재를 지우는 마력 몽둥이,몽둥이,false
6,억제된 비전 몽둥이,몽둥이,false
7,집중된 비전 몽둥이,몽둥이,false
8,근원의 비전 몽둥이,몽둥이,false
9,섭리의 비전 몽둥이,몽둥이,false
10,창세의 비전 몽둥이,몽둥이,false
11,헤카테의 밤그림자 비전 몽둥이,몽둥이,false
12,헤카테의 삼면 진리 몽둥이,몽둥이,false
13,헤카테의 심연의 밤 몽둥이,몽둥이,false
14,헤카테의 심연을 초월한 밤의 절대 몽둥이,몽둥이,false
15,헤카테의 밤의 주권을 이룩한 몽둥이,몽둥이,false
16,태초의 섭리를 새기는 별의 서판,몽둥이,false
17,만물과 만상의 근원을 엮는 우주의 심장,몽둥이,false
18,"만유의 근원, 시공간을 초월한 종언의 섭리",몽둥이,false
19,"무한 우주의 종언, 모든 실재의 절대 법칙",몽둥이,false
20,"태초이자 종언의 시공간, 모든 존재의 절대적 근원",몽둥이,false
0,낡은 몽둥이,몽둥이,false
1,불안정한 마력 몽둥이,몽둥이,false
2,흩어지는 마력 몽둥이,몽둥이,false
3,뒤틀린 마력 몽둥이,몽둥이,false
4,잠식하는 비전 몽둥이,몽둥이,false
5,자아를 삼키는 비전 몽둥이,몽둥이,false
6,의지를 따르는 비전 몽둥이,몽둥이,false
7,의지와 공명하는 비전 몽둥이,몽둥이,false
8,만물을 꿰뚫는 비전 몽둥이,몽둥이,false
9,근원을 창조하는 비전 몽둥이,몽둥이,false
10,우주의 섭리를 거느리는 비전 몽둥이,몽둥이,false
11,멀린의 예지로 직조된 운명의 몽둥이,몽둥이,false
12,멀린의 태초 지혜로 개변된 운명의 몽둥이,몽둥이,false
13,멀린의 절대 지혜로 편직된 운명의 몽둥이,몽둥이,false
14,멀린의 무한 지혜가 깃든 시원(始原)의 몽둥이,몽둥이,false
15,멀린의 절대 지혜를 관통한 운명 직조의 몽둥이,몽둥이,false
16,우주적 섭리의 심연을 품은 종언의 공허,몽둥이,false
17,만물과 무(無)를 아우르는 전 시공간의 섭리,몽둥이,false
18,모든 다차원 우주의 근원적 질서,몽둥이,false
19,모든 존재와 비존재를 아우르는 절대적 종언의 율법,몽둥이,false
20,모든 차원과 시공을 품은 근원의 율법: 우주적 종언의 세계,몽둥이,false
0,낡은 검,몽둥이,false
1,불안정한 혼돈의 막대,몽둥이,false
2,뒤틀린 혼돈의 막대,몽둥이,false
3,격화되는 혼돈의 막대,몽둥이,false
4,사지를 뒤트는 혼돈의 막대,몽둥이,false
5,자아를 잠식하는 혼돈의 막대,몽둥이,false
6,제어된 혼돈의 막대,몽둥이,false
7,응축된 혼돈의 막대,몽둥이,false
8,군림하는 혼돈의 막대,몽둥이,false
9,절대의 혼돈의 막대,몽둥이,false
10,창세의 혼돈의 막대,몽둥이,false
11,티아마트의 태초 혼돈 막대,몽둥이,false
12,티아마트의 무저갱 혼돈 막대,몽둥이,false
13,티아마트의 태초 혼돈 막대,몽둥이,false
14,티아마트의 심연 태초혼돈 막대,몽둥이,false
15,티아마트의 절대 태초혼돈 막대,몽둥이,false
16,세계 종언의 섭리: 혼돈의 근원,몽둥이,false
17,다차원 종언의 섭리: 태초의 혼돈 법칙,몽둥이,false
18,모든 존재의 종언 섭리: 근원적 혼돈의 절대법칙,몽둥이,false
19,"만유의 궁극적 종언, 우주적 혼돈의 섭리: 태초의 파멸",몽둥이,false
20,"만상(萬象)의 궁극적 종언, 모든 우주의 섭리: 절대적 무(無)의 근원",몽둥이,false
0,낡은 몽둥이,몽둥이,false
1,불협화음 몽둥이,몽둥이,false
2,귀를 찌르는 소음 몽둥이,몽둥이,false
3,영혼을 갉아먹는 소음 몽둥이,몽둥이,false
4,영혼을 찢어발기는 비명 몽둥이,몽둥이,false
5,스스로를 침식하는 불협화음 몽둥이,몽둥이,false
6,조율된 리듬 몽둥이,몽둥이,false
7,절정의 선율 몽둥이,몽둥이,false
8,영원한 음률 몽둥이,몽둥이,false
9,운명의 소리 몽둥이,몽둥이,false
10,창세의 합주 몽둥이,몽둥이,false
11,오르페우스의 신화적 공명 몽둥이,몽둥이,false
12,오르페우스의 영원한 선율 몽둥이,몽둥이,false
13,오르페우스의 대서사 선율 몽둥이,몽둥이,false
14,오르페우스의 궁극의 우주 몽둥이,몽둥이,false
15,오르페우스의 초월적 우주 협주곡 몽둥이,몽둥이,false
16,우주적 운명의 서곡: 섭리,몽둥이,false
17,다중우주의 율법: 코스믹 레퀴엠의 지휘,몽둥이,false
18,전 차원 율법: 코스믹 레퀴엠의 서사시,몽둥이,false
19,만물 초월의 진리: 다중우주 궁극 오케스트라,몽둥이,false
20,우주-세계의 율동: 만유의 섭리,몽둥이,false
0,낡은 몽둥이,몽둥이,false
1,불협화음 몽둥이,몽둥이,false
2,불안정한 리듬 몽둥이,몽둥이,false
3,불협화음의 리듬 몽둥이,몽둥이,false
4,뒤틀린 선율의 리듬 몽둥이,몽둥이,false
5,파열하는 음파의 리듬 몽둥이,몽둥이,false
6,조율된 선율의 몽둥이,몽둥이,false
7,환희의 교향곡 몽둥이,몽둥이,false
8,영광의 대협주곡 몽둥이,몽둥이,false
9,불멸의 하모니 몽둥이,몽둥이,false
10,우주의 대합주 몽둥이,몽둥이,false
11,사라스바티의 영감 몽둥이,몽둥이,false
12,사라스바티의 진정한 지성 몽둥이,몽둥이,false
13,사라스바티의 궁극 지혜 몽둥이,몽둥이,false
14,사라스바티의 불멸 진리 몽둥이,몽둥이,false
15,사라스바티의 궁극 진리 몽둥이,몽둥이,false
16,우주적 근원 음률의 섭리,몽둥이,false
17,모든 차원 근원 음률의 섭리,몽둥이,false
18,절대 시공간의 종언을 노래하는 우주적 섭리,몽둥이,false
19,"모든 우주적 섭리의 근원, 태초와 종언을 짓는 창조주의 악보",몽둥이,false
20,"존재와 비존재의 경계, 모든 우주를 통치하는 궁극의 율법이자 영원의 세계",몽둥이,false
0,낡은 몽둥이,몽둥이,false
1,비전 몽둥이,몽둥이,false
2,맥동하는 비전 몽둥이,몽둥이,false
3,왜곡된 비전 몽둥이,몽둥이,false
4,붕괴하는 비전 몽둥이,몽둥이,false
5,존재를 지우는 비전 몽둥이,몽둥이,false
6,제어된 비전 몽둥이,몽둥이,false
7,현현하는 비전 몽둥이,몽둥이,false
8,만상의 비전 몽둥이,몽둥이,false
9,섭리의 비전 몽둥이,몽둥이,false
10,창조의 비전 몽둥이,몽둥이,false
11,토트의 신탁이 새겨진 비전 몽둥이,몽둥이,false
12,토트의 위대한 진리를 기록한 비전 몽둥이,몽둥이,false
13,토트의 절대 진리 창조 몽둥이,몽둥이,false
14,토트의 우주 진리 집행 몽둥이,몽둥이,false
15,토트의 태초 진리 기록 몽둥이,몽둥이,false
16,우주 만상(萬象)의 섭리,몽둥이,false
17,다차원 우주의 종언,몽둥이,false
18,시공간 너머의 궁극 섭리,몽둥이,false
19,모든 우주의 종언이자 섭리,몽둥이,false
20,모든 실재의 궁극적 섭리이자 종언,몽둥이,false
0,낡은 몽둥이,몽둥이,false
1,새싹 몽둥이,몽둥이,false
2,얽매는 넝쿨 몽둥이,몽둥이,false
3,생기를 앗는 넝쿨 몽둥이,몽둥이,false
4,황폐화시키는 넝쿨 몽둥이,몽둥이,false
5,정신을 갉아먹는 넝쿨 몽둥이,몽둥이,false
6,숲의 숨결 넝쿨 몽둥이,몽둥이,false
7,숲의 정수 몽둥이,몽둥이,false
8,자연의 섭리 몽둥이,몽둥이,false
9,세계수의 심장 몽둥이,몽둥이,false
10,창세의 숲 몽둥이,몽둥이,false
11,창세의 숲 판의 광란 몽둥이,몽둥이,false
12,창세의 숲 판의 신위(神威) 몽둥이,몽둥이,false
13,창세의 숲 판의 절대 신위 몽둥이,몽둥이,false
14,창세의 숲 판의 태고 신위 몽둥이,몽둥이,false
15,광란의 숲 판의 만신위 몽둥이,몽둥이,false
16,우주적 섭리: 만상 자연의 근원,몽둥이,false
17,우주적 섭리: 만물 순환의 절대,몽둥이,false
18,차원의 섭리: 영원의 근원,몽둥이,false
19,우주 만상의 섭리: 종언의 진리,몽둥이,false
20,모든 우주의 근원적 섭리: 무한의 종언,몽둥이,false
0,낡은 새해 몽둥이,몽둥이,false
1,새해의 약속 몽둥이,몽둥이,false
2,새해의 깨져가는 약속 몽둥이,몽둥이,false
3,새해의 정신을 갉아먹는 약속 몽둥이,몽둥이,false
4,새해의 자신을 옭아매는 약속 몽둥이,몽둥이,false
5,새해의 자신을 집어삼키는 약속 몽둥이,몽둥이,false
6,새해의 굳건한 서약 몽둥이,몽둥이,false
7,새해의 명확한 길 몽둥이,몽둥이,false
8,새해의 확고한 맹세 몽둥이,몽둥이,false
9,새해의 태동하는 의지 몽둥이,몽둥이,false
10,새해의 영겁의 맹세 몽둥이,몽둥이,false
11,새해의 영겁을 울리는 제야의 몽둥이,몽둥이,false
12,새해의 권능을 선포하는 제야의 몽둥이,몽둥이,false
13,대신화의 새해를 여는 제야의 종극 몽둥이,몽둥이,false
14,만상의 제야 신화 강림 몽둥이,몽둥이,false
15,영겁의 제야 초월신화 몽둥이,몽둥이,false
16,우주적 시작과 종언의 섭리,몽둥이,false
17,모든 우주와 차원의 시작과 종언의 섭리,몽둥이,false
18,모든 존재와 비존재의 절대적 섭리,몽둥이,false
19,모든 우주와 시공간을 초월한 궁극적 섭리의 정점,몽둥이,false
20,무한 우주의 종언이자 영원한 시작: 절대적 섭리의 근원,몽둥이,false
0,낡은 몽둥이,몽둥이,false
1,서리 깃든 몽둥이,몽둥이,false
2,시린 몽둥이,몽둥이,false
3,경직된 몽둥이,몽둥이,false
4,동상 걸린 몽둥이,몽둥이,false
5,절명의 한기 몽둥이,몽둥이,false
6,냉철한 한기 몽둥이,몽둥이,false
7,서릿날 한기 몽둥이,몽둥이,false
8,혹한의 지배 몽둥이,몽둥이,false
9,영겁의 서리 몽둥이,몽둥이,false
10,창세의 빙하 몽둥이,몽둥이,false
11,신화의 키오네 빙설 몽둥이,몽둥이,false
12,키오네의 절대 권능 빙설 몽둥이,몽둥이,false
13,키오네의 궁극 권능 빙설 몽둥이,몽둥이,false
14,키오네의 절대 영겁 빙설 몽둥이,몽둥이,false
15,키오네의 절대 지배 빙설 몽둥이,몽둥이,false
16,우주적 종언의 빙결 섭리,몽둥이,false
17,다차원 우주의 종언 빙결 섭리,몽둥이,false
18,"시공간의 종언, 절대 한기 섭리",몽둥이,false
19,"영겁의 종언, 절대 한기 섭리",몽둥이,false
20,"만상종언(萬象終焉)의 섭리, 태초의 절대 한기",몽둥이,false
0,낡은 몽둥이,몽둥이,false
1,서리 깃든 몽둥이,몽둥이,false
2,결빙의 몽둥이,몽둥이,false
3,냉혹한 몽둥이,몽둥이,false
4,침식하는 몽둥이,몽둥이,false
5,온기를 삼키는 몽둥이,몽둥이,false
6,응축된 한기 몽둥이,몽둥이,false
7,절대 영하 몽둥이,몽둥이,false
8,태초의 빙결 몽둥이,몽둥이,false
9,영원의 빙결 몽둥이,몽둥이,false
10,창세의 한기 몽둥이,몽둥이,false
11,스카디의 창세 권능 몽둥이,몽둥이,false
12,스카디의 빙하 심판 몽둥이,몽둥이,false
13,스카디의 영겁 심판 몽둥이,몽둥이,false
14,스카디의 빙하 군림 몽둥이,몽둥이,false
15,스카디의 절대 빙한 몽둥이,몽둥이,false
16,우주를 덮는 절대 영점의 섭리,몽둥이,false
17,모든 시공간의 종언을 지배하는 절대 영점의 섭리,몽둥이,false
18,전 차원 우주의 종언을 초월한 절대 영점의 섭리,몽둥이,false
19,모든 존재의 근원을 지배하는 무한 우주의 절대 영점 섭리,몽둥이,false
20,"모든 시공간의 영원한 절대 영점, 우주 종언의 섭리",몽둥이,false
0,낡은 몽둥이,몽둥이,false
1,스파크 몽둥이,몽둥이,false
2,찌릿한 스파크 몽둥이,몽둥이,false
3,과부하된 스파크 몽둥이,몽둥이,false
4,폭주하는 아크 몽둥이,몽둥이,false
5,과부하된 전격 몽둥이,몽둥이,false
6,제어된 전격 몽둥이,몽둥이,false
7,섬광 파동 몽둥이,몽둥이,false
8,천뢰 몽둥이,몽둥이,false
9,뇌황 몽둥이,몽둥이,false
10,창세의 뇌정 몽둥이,몽둥이,false
11,천둥신의 뇌정 몽둥이,몽둥이,false
12,심판자 토르의 진정한 뇌정 몽둥이,몽둥이,false
13,신왕 토르의 절대 뇌정 몽둥이,몽둥이,false
14,토르 신격의 궁극 뇌정 몽둥이,몽둥이,false
15,토르의 절대 권능 뇌정 몽둥이,몽둥이,false
16,우주 종언의 뇌전 섭리,몽둥이,false
17,다차원 우주의 근원 뇌전 섭리,몽둥이,false
18,궁극 차원의 뇌전 섭리,몽둥이,false
19,만물 근원의 뇌전 섭리,몽둥이,false
20,우주 종언의 뇌전 섭리,몽둥이,false
0,낡은 몽둥이,몽둥이,false
1,심연의 흔적 몽둥이,몽둥이,false
2,공허의 일렁임 몽둥이,몽둥이,false
3,공허의 침식 몽둥이,몽둥이,false
4,공허의 붕괴 몽둥이,몽둥이,false
5,공허의 존재말소 몽둥이,몽둥이,false
6,심연의 속삭임 몽둥이,몽둥이,false
7,공허의 파동 몽둥이,몽둥이,false
8,공허의 소용돌이 몽둥이,몽둥이,false
9,공허의 근원 몽둥이,몽둥이,false
10,창세의 공허 몽둥이,몽둥이,false
11,원초의 혼돈 몽둥이,몽둥이,false
12,만물의 근원 카오스 몽둥이,몽둥이,false
13,절대 태초의 카오스 몽둥이,몽둥이,false
14,만유의 시원 카오스 몽둥이,몽둥이,false
15,태초의 혼돈 카오스 몽둥이,몽둥이,false
16,모든 우주의 공허한 섭리,몽둥이,false
17,모든 차원의 종언적 공허,몽둥이,false
18,무한 차원의 궁극적 공허 섭리,몽둥이,false
19,전 우주를 삼킨 비존재의 절대 섭리,몽둥이,false
20,우주 만물의 궁극적 종언을 관장하는 공허의 섭리,몽둥이,false
0,낡은 몽둥이,몽둥이,false
1,압박의 몽둥이,몽둥이,false
2,숨 막히는 몽둥이,몽둥이,false
3,파열 직전의 몽둥이,몽둥이,false
4,압사시키는 몽둥이,몽둥이,false
5,특이점의 몽둥이,몽둥이,false
6,응축된 중력의 몽둥이,몽둥이,false
7,중력 해일의 몽둥이,몽둥이,false
8,시공 왜곡의 몽둥이,몽둥이,false
9,태초의 중력 몽둥이,몽둥이,false
10,존재 근원의 몽둥이,몽둥이,false
11,시시포스의 영겁 몽둥이,몽둥이,false
12,시시포스의 숙명 몽둥이,몽둥이,false
13,시시포스의 영겁 몽둥이,몽둥이,false
14,시시포스의 만고중압 몽둥이,몽둥이,false
15,시시포스의 영원불멸 중압 몽둥이,몽둥이,false
16,우주 만상의 중압 섭리,몽둥이,false
17,모든 우주를 얽매는 근원적 중압의 섭리,몽둥이,false
18,다중우주를 탄생시키고 소멸시키는 궁극 중력의 섭리,몽둥이,false
19,만물의 시작과 끝을 관장하는 시공간 종언의 중력 섭리,몽둥이,false
20,모든 존재와 비존재를 규정하는 우주 근원의 중력 섭리,몽둥이,false
0,낡은 몽둥이,몽둥이,false
1,어렴풋한 지식의 몽둥이,몽둥이,false
2,왜곡된 지식의 몽둥이,몽둥이,false
3,지식에 잠식된 몽둥이,몽둥이,false
4,지식에 침식된 몽둥이,몽둥이,false
5,지식에 용해된 몽둥이,몽둥이,false
6,지혜의 정수 몽둥이,몽둥이,false
7,지혜의 등대 몽둥이,몽둥이,false
8,진리의 계시 몽둥이,몽둥이,false
9,지혜의 근원 몽둥이,몽둥이,false
10,창세의 지혜 몽둥이,몽둥이,false
11,미네르바의 혜안 몽둥이,몽둥이,false
12,미네르바의 절대 혜안 몽둥이,몽둥이,false
13,미네르바의 궁극 혜안 몽둥이,몽둥이,false
14,미네르바의 절대 진리 몽둥이,몽둥이,false
15,미네르바의 영원한 진리 몽둥이,몽둥이,false
16,우주의 근원적 지혜: 태초의 섭리,몽둥이,false
17,모든 우주의 최종 섭리: 지혜의 종언,몽둥이,false
18,무한 차원의 근원적 섭리: 지혜의 태초와 종언,몽둥이,false
19,모든 존재를 꿰뚫는 우주적 진리: 지혜의 궁극적 해답,몽둥이,false
20,태초의 섭리: 모든 지혜의 근원적 종언,몽둥이,false
0,낡은 몽둥이,몽둥이,false
1,역병 깃든 낡은 몽둥이,몽둥이,false
2,역병 번지는 낡은 몽둥이,몽둥이,false
3,숙주를 잠식하는 낡은 몽둥이,몽둥이,false
4,숙주를 붕괴시키는 낡은 몽둥이,몽둥이,false
5,만물을 멸절시키는 낡은 몽둥이,몽둥이,false
6,정화된 역병 몽둥이,몽둥이,false
7,흑사병의 물결 몽둥이,몽둥이,false
8,종말의 흑점 몽둥이,몽둥이,false
9,역병의 심연 몽둥이,몽둥이,false
10,질병의 섭리 몽둥이,몽둥이,false
11,신화의 아폴론 징벌 몽둥이,몽둥이,false
12,아폴론의 천상 역병 몽둥이,몽둥이,false
13,아폴론의 절대 역병 몽둥이,몽둥이,false
14,아폴론의 숭고한 궁극 역병 몽둥이,몽둥이,false
15,아폴론의 절대적 만물 통치 몽둥이,몽둥이,false
16,우주 만물 섭리의 역병,몽둥이,false
17,모든 차원의 종언 섭리,몽둥이,false
18,만다 차원계의 근원적 종언 섭리,몽둥이,false
19,모든 우주 존재계의 절대적 소멸 섭리,몽둥이,false
20,우주 만상을 포괄하는 절대 종언의 섭리,몽둥이,false
0,낡은 몽둥이,몽둥이,false
1,역병의 몽둥이,몽둥이,false
2,오염된 역병의 몽둥이,몽둥이,false
3,부패하는 역병의 몽둥이,몽둥이,false
4,잠식하는 역병의 몽둥이,몽둥이,false
5,자신마저 부패시키는 역병의 몽둥이,몽둥이,false
6,제어된 역병의 몽둥이,몽둥이,false
7,창궐하는 역병의 몽둥이,몽둥이,false
8,절멸의 역병 몽둥이,몽둥이,false
9,근원의 역병 몽둥이,몽둥이,false
10,만물의 역병 몽둥이,몽둥이,false
11,신화의 사마엘 역병 몽둥이,몽둥이,false
12,절대 신화의 사마엘 역병 몽둥이,몽둥이,false
13,궁극의 사마엘 독액 몽둥이,몽둥이,false
14,전능한 사마엘의 심판 몽둥이,몽둥이,false
15,절대적 사마엘의 궁극 심판 몽둥이,몽둥이,false
16,우주 질병의 섭리,몽둥이,false
17,다중우주 종언의 질병 섭리,몽둥이,false
18,궁극차원 붕괴의 질병 종언,몽둥이,false
19,근원 우주 붕괴의 질병 섭리,몽둥이,false
20,만유 종언의 태초 질병 섭리,몽둥이,false
0,낡은 몽둥이,몽둥이,false
1,움트는 몽둥이,몽둥이,false
2,흡수하는 몽둥이,몽둥이,false
3,탐식하는 몽둥이,몽둥이,false
4,폭주하는 생령의 몽둥이,몽둥이,false
5,존재를 좀먹는 생령의 몽둥이,몽둥이,false
6,율동하는 생령의 몽둥이,몽둥이,false
7,생명력의 흐름 몽둥이,몽둥이,false
8,생명력의 심장 몽둥이,몽둥이,false
9,생명의 근원 몽둥이,몽둥이,false
10,만물의 창조 몽둥이,몽둥이,false
11,이그드라실의 만상창조 몽둥이,몽둥이,false
12,이그드라실의 태초생명 몽둥이,몽둥이,false
13,"이그드라실, 만생(萬生)의 권능 몽둥이",몽둥이,false
14,"이그드라실, 영원(永遠)의 심장 몽둥이",몽둥이,false
15,"이그드라실, 근원(根源)의 축(軸) 몽둥이",몽둥이,false
16,"태초의 우주, 근원적 생명의 섭리",몽둥이,false
17,"모든 존재의 근원, 영원한 생명의 섭리",몽둥이,false
18,"모든 차원의 생명, 태초의 섭리",몽둥이,false
19,"모든 우주와 차원의 근원, 영원불멸의 생명 섭리",몽둥이,false
20,"만물과 우주의 종언이자 태동, 궁극의 생명 섭리",몽둥이,false
0,낡은 몽둥이,몽둥이,false
1,응어리진 몽둥이,몽둥이,false
2,부식된 몽둥이,몽둥이,false
3,침식된 몽둥이,몽둥이,false
4,폭주하는 몽둥이,몽둥이,false
5,되돌아오는 복수의 몽둥이,몽둥이,false
6,맹렬한 징벌의 몽둥이,몽둥이,false
7,심판의 징벌의 몽둥이,몽둥이,false
8,영겁의 징벌의 몽둥이,몽둥이,false
9,묵시록의 징벌의 몽둥이,몽둥이,false
10,종언의 징벌의 몽둥이,몽둥이,false
11,네메시스의 율법 몽둥이,몽둥이,false
12,네메시스의 절대 심판 몽둥이,몽둥이,false
13,네메시스의 궁극적 대심판 몽둥이,몽둥이,false
14,네메시스의 초월적 인과율 몽둥이,몽둥이,false
15,네메시스의 절대적 징벌 몽둥이,몽둥이,false
16,종언의 우주적 섭리,몽둥이,false
17,전 우주의 근원적 섭리,몽둥이,false
18,다중우주의 종언 섭리,몽둥이,false
19,전 우주적 근원의 섭리,몽둥이,false
20,전 우주적 종언의 절대 섭리,몽둥이,false
0,낡은 몽둥이,몽둥이,false
1,지혜의 미숙한 몽둥이,몽둥이,false
2,지혜의 혼란스러운 몽둥이,몽둥이,false
3,지혜의 뒤틀린 몽둥이,몽둥이,false
4,지혜의 혼란스러운 몽둥이,몽둥이,false
5,지혜의 존재를 부정하는 몽둥이,몽둥이,false
6,지혜의 실마리를 쥔 몽둥이,몽둥이,false
7,통찰을 부여하는 몽둥이,몽둥이,false
8,세계의 본질을 꿰뚫는 몽둥이,몽둥이,false
9,만물의 근원을 비추는 몽둥이,몽둥이,false
10,태초의 지혜를 새기는 몽둥이,몽둥이,false
11,오딘의 만상 룬 몽둥이,몽둥이,false
12,오딘의 궁극 만상 룬 몽둥이,몽둥이,false
13,오딘의 전지 만상 룬 몽둥이,몽둥이,false
14,오딘의 궁극 진리 룬 몽둥이,몽둥이,false
15,오딘의 만상 진리 룬 몽둥이,몽둥이,false
16,우주의 시원: 만물의 섭리,몽둥이,false
17,영원 코스모스의: 종언과 시작의 섭리,몽둥이,false
18,다차원 우주의: 근원적 진리의 계시,몽둥이,false
19,전 우주적 섭리의 심판: 진리 그 자체의 발현,몽둥이,false
20,절대적 지혜의 근원: 만상의 섭리를 아우르는 우주 그 자체,몽둥이,false
0,낡은 몽둥이,몽둥이,false
1,틈새 바람 몽둥이,몽둥이,false
2,휘몰아치는 바람 몽둥이,몽둥이,false
3,찢겨나가는 바람 몽둥이,몽둥이,false
4,집어삼키는 폭풍 몽둥이,몽둥이,false
5,자아를 지우는 폭풍 몽둥이,몽둥이,false
6,응집된 폭풍 몽둥이,몽둥이,false
7,폭풍의 눈 몽둥이,몽둥이,false
8,폭풍군주의 몽둥이,몽둥이,false
9,창공의 맹약 몽둥이,몽둥이,false
10,태초의 폭풍 몽둥이,몽둥이,false
11,신화 후진의 폭풍 몽둥이,몽둥이,false
12,후진 대풍신의 권능 몽둥이,몽둥이,false
13,후진 천지풍신의 신위 몽둥이,몽둥이,false
14,후진 절대천풍신의 몽둥이,몽둥이,false
15,후진 궁극의 풍신 몽둥이,몽둥이,false
16,우주적 순환의 폭풍,몽둥이,false
17,모든 우주의 종언을 관장하는 폭풍의 섭리,몽둥이,false
18,모든 차원 우주의 종언을 결정하는 폭풍의 절대 섭리,몽둥이,false
19,전 우주적 존재와 비존재의 영원 회귀를 결정하는 폭풍의 궁극 섭리,몽둥이,false
20,모든 우주와 다중차원의 탄생과 종언을 주관하는 폭풍의 근원적 섭리,몽둥이,false
0,초라한 개나리 꽃 몽둥이,몽둥이,false
1,풋내기 학구열 몽둥이,몽둥이,false
2,어설픈 학구열 몽둥이,몽둥이,false
3,폭주하는 학구열 몽둥이,몽둥이,false
4,이성을 마비시키는 학구열 몽둥이,몽둥이,false
5,영혼을 소진시키는 학구열 몽둥이,몽둥이,false
6,집중된 학구열 몽둥이,몽둥이,false
7,지성의 개화 몽둥이,몽둥이,false
8,지성의 개척 몽둥이,몽둥이,false
9,지성의 서광 몽둥이,몽둥이,false
10,영원한 진리의 몽둥이,몽둥이,false
11,신화의 개나리 몽둥이,몽둥이,false
12,진정한 개나리 신화 몽둥이,몽둥이,false
13,대신화의 개나리 몽둥이,몽둥이,false
14,궁극신화의 개나리 몽둥이,몽둥이,false
15,만개신화의 개나리 몽둥이,몽둥이,false
16,태초의 섭리를 빚는 몽둥이,몽둥이,false
17,모든 차원의 근원을 엮는 섭리,몽둥이,false
18,모든 존재를 아우르는 궁극의 섭리,몽둥이,false
19,우주 만상의 시작과 끝을 엮는 심연의 서사,몽둥이,false
20,모든 우주를 삼킨 무한의 섭리,몽둥이,false
0,낡은 몽둥이,몽둥이,false
1,풋사랑의 몽둥이,몽둥이,false
2,짝사랑의 몽둥이,몽둥이,false
3,집착의 몽둥이,몽둥이,false
4,맹목적인 소유의 몽둥이,몽둥이,false
5,혼을 잠식하는 집착의 몽둥이,몽둥이,false
6,연정을 엮는 매혹의 몽둥이,몽둥이,false
7,영혼을 사로잡는 매혹의 몽둥이,몽둥이,false
8,운명을 엮는 매혹의 몽둥이,몽둥이,false
9,영원을 새기는 매혹의 몽둥이,몽둥이,false
10,태초의 사랑 몽둥이,몽둥이,false
11,에로스의 심연 몽둥이,몽둥이,false
12,에로스의 절대적 심연 몽둥이,몽둥이,false
13,에로스의 대심연 몽둥이,몽둥이,false
14,에로스의 궁극 심연 몽둥이,몽둥이,false
15,에로스의 절대 지배 몽둥이,몽둥이,false
16,우주적 사랑의 섭리,몽둥이,false
17,모든 우주를 엮는 초월적 사랑의 섭리,몽둥이,false
18,모든 차원 너머의 근원적 사랑 섭리,몽둥이,false
19,모든 우주의 궁극적 결속 섭리,몽둥이,false
20,"우주의 종언이자 시작, 궁극적 사랑의 섭리",몽둥이,false
0,낡은 몽둥이,몽둥이,false
1,풋사랑의 몽둥이,몽둥이,false
2,변덕스러운 매혹의 몽둥이,몽둥이,false
3,집착하는 매혹의 몽둥이,몽둥이,false
4,맹목적인 매혹의 몽둥이,몽둥이,false
5,영혼을 잠식하는 매혹의 몽둥이,몽둥이,false
6,영혼을 사로잡는 매혹의 몽둥이,몽둥이,false
7,영혼을 굴복시키는 사랑의 몽둥이,몽둥이,false
8,숙명적인 사랑의 몽둥이,몽둥이,false
9,숙명을 엮는 사랑의 몽둥이,몽둥이,false
10,태초의 사랑 몽둥이,몽둥이,false
11,아프로디테의 찬란한 매혹 몽둥이,몽둥이,false
12,아프로디테의 절대적 유혹 몽둥이,몽둥이,false
13,아프로디테의 영원한 매혹 몽둥이,몽둥이,false
14,아프로디테의 절대적 황홀경 몽둥이,몽둥이,false
15,아프로디테의 궁극적 황홀경 몽둥이,몽둥이,false
16,우주만물(宇宙萬物)의 근원적 이끌림,몽둥이,false
17,우주적 사랑의 절대 섭리,몽둥이,false
18,다중우주 사랑의 근원적 섭리,몽둥이,false
19,전 우주적 사랑의 절대적 종언과 기원,몽둥이,false
20,모든 우주와 비우주의 사랑의 궁극적 섭리,몽둥이,false
0,낡은 몽둥이,몽둥이,false
1,흐릿한 시간의 몽둥이,몽둥이,false
2,어긋난 시간의 몽둥이,몽둥이,false
3,뒤엉킨 시간의 몽둥이,몽둥이,false
4,붕괴하는 시간의 몽둥이,몽둥이,false
5,모든 것을 삼키는 시간의 몽둥이,몽둥이,false
6,조율하는 시간의 몽둥이,몽둥이,false
7,시간을 빚는 몽둥이,몽둥이,false
8,운명의 실타래를 엮는 몽둥이,몽둥이,false
9,시간의 섭리를 관장하는 몽둥이,몽둥이,false
10,영원의 시간을 새기는 몽둥이,몽둥이,false
11,신화의 시간 포식자 몽둥이,몽둥이,false
12,크로노스의 진정한 시간 포식자 몽둥이,몽둥이,false
13,크로노스의 대신화된 절대 시간 포식자 몽둥이,몽둥이,false
14,크로노스의 궁극의 시공간 포식자 몽둥이,몽둥이,false
15,크로노스의 만상(萬象)을 삼키는 종결자 몽둥이,몽둥이,false
16,우주적 시간의 섭리: 종언의 법칙,몽둥이,false
17,모든 우주의 시간: 시공간의 태초와 종언,몽둥이,false
18,차원의 종언: 우주 섭리의 영원불멸,몽둥이,false
19,전 우주 종언의 서: 절대 시간의 근원,몽둥이,false
20,"우주 만물의 섭리: 영원의 시간, 존재의 종언",몽둥이,false
0,낡은 몽둥이,몽둥이,false
1,흐릿한 혼령 몽둥이,몽둥이,false
2,웅성거리는 혼령 몽둥이,몽둥이,false
3,뒤틀리는 혼령 몽둥이,몽둥이,false
4,잠식하는 혼령 몽둥이,몽둥이,false
5,영혼마저 집어삼키는 몽둥이,몽둥이,false
6,영혼을 다스리는 몽둥이,몽둥이,false
7,현현한 영혼의 몽둥이,몽둥이,false
8,영혼의 권능 몽둥이,몽둥이,false
9,영혼의 영원 몽둥이,몽둥이,false
10,윤회의 영혼 몽둥이,몽둥이,false
11,심연의 하데스 영혼 몽둥이,몽둥이,false
12,영원한 심연의 하데스 영혼 몽둥이,몽둥이,false
13,절대 심연의 하데스 군주의 몽둥이,몽둥이,false
14,영원한 심연의 하데스 명왕 몽둥이,몽둥이,false
15,초월적 심연의 하데스 명왕 몽둥이,몽둥이,false
16,"우주의 섭리, 종언의 영혼 법칙",몽둥이,false
17,"다차원 우주의 근원 섭리, 영혼의 종언과 순환",몽둥이,false
18,"모든 차원의 우주를 품은 섭리, 영혼의 종언과 영원",몽둥이,false
19,"모든 존재와 비존재를 관장하는 궁극적 섭리, 태초와 종언의 영원",몽둥이,false
20,"모든 다중우주를 엮는 근원적 영원, 존재와 비존재를 넘어선 시공간의 섭리",몽둥이,false
0,낡은 몽둥이,몽둥이,false
1,흙 기운 몽둥이,몽둥이,false
2,굳어진 흙 몽둥이,몽둥이,false
3,짓누르는 바위 몽둥이,몽둥이,false
4,잠식하는 대지의 몽둥이,몽둥이,false
5,굳어버린 대지의 몽둥이,몽둥이,false
6,견고한 대지의 몽둥이,몽둥이,false
7,심연의 지각 몽둥이,몽둥이,false
8,태고의 암반 몽둥이,몽둥이,false
9,행성의 심장 몽둥이,몽둥이,false
10,세계의 척추 몽둥이,몽둥이,false
11,요르드 대모의 심장 몽둥이,몽둥이,false
12,요르드 대모의 정수 몽둥이,몽둥이,false
13,요르드 지모신의 절대 권능 몽둥이,몽둥이,false
14,요르드 지모신의 창세 권능 몽둥이,몽둥이,false
15,요르드 대지모신의 초월 권능 몽둥이,몽둥이,false
16,우주 생성 대지 섭리,몽둥이,false
17,모든 우주 근원 질서,몽둥이,false
18,절대계의 태초 질서,몽둥이,false
19,만물의 궁극 섭리,몽둥이,false
20,우주의 종언과 시원 섭리,몽둥이,false
0,낡은 몽둥이,몽둥이,false
1,희미한 광채의 몽둥이,몽둥이,false
2,눈부신 광채의 몽둥이,몽둥이,false
3,작열하는 광채의 몽둥이,몽둥이,false
4,모든 것을 태우는 섬광의 몽둥이,몽둥이,false
5,자신을 지워버리는 광휘의 몽둥이,몽둥이,false
6,의지를 따르는 광휘의 몽둥이,몽둥이,false
7,섬광의 광휘 몽둥이,몽둥이,false
8,태양의 광휘 몽둥이,몽둥이,false
9,천상의 광휘 몽둥이,몽둥이,false
10,창조의 빛 몽둥이,몽둥이,false
11,새벽별의 찬란한 몽둥이,몽둥이,false
12,루시퍼의 지배하는 광휘 몽둥이,몽둥이,false
13,루시퍼의 새벽별 권능 몽둥이,몽둥이,false
14,루시퍼의 절대광명 새벽별 몽둥이,몽둥이,false
15,루시퍼의 근원광명 몽둥이,몽둥이,false
16,우주의 광명 섭리,몽둥이,false
17,모든 시공의 광명 섭리,몽둥이,false
18,만상(萬象)의 광명 섭리: 시공 초월의 종언,몽둥이,false
19,절대계의 광명 섭리: 만유의 시원,몽둥이,false
20,우주 만상의 궁극 섭리: 영원의 빛,몽둥이,false
0,낡은 몽둥이,몽둥이,false
1,희미한 축복의 몽둥이,몽둥이,false
2,눈부신 축복의 몽둥이,몽둥이,false
3,휘몰아치는 성광의 몽둥이,몽둥이,false
4,성스러움에 잠식되는 성광의 몽둥이,몽둥이,false
5,성스러움에 흡수된 성광의 몽둥이,몽둥이,false
6,숭고한 빛의 몽둥이,몽둥이,false
7,천상의 계시 몽둥이,몽둥이,false
8,신성한 심판 몽둥이,몽둥이,false
9,천상의 섭리 몽둥이,몽둥이,false
10,영원의 섭리 몽둥이,몽둥이,false
11,대천사의 율법 몽둥이,몽둥이,false
12,대천사장의 지고한 심판 몽둥이,몽둥이,false
13,대천사장의 궁극 심판 몽둥이,몽둥이,false
14,대천사장의 절대 심판 몽둥이,몽둥이,false
15,천상 권능의 대심판 몽둥이,몽둥이,false
16,"우주의 절대적 율법, 대심판의 섭리",몽둥이,false
17,모든 우주를 꿰뚫는 종언의 섭리,몽둥이,false
18,모든 차원을 초월한 근원적 섭리,몽둥이,false
19,"모든 시공간의 종언, 절대적 창조의 섭리",몽둥이,false
20,"모든 존재의 태초이자 종언, 무한 우주의 절대 섭리",몽둥이,false
0,빛이 흐릿한 장난감 광선검,히든,true
1,깜빡거리는 광선검,히든,true
2,칼날이 짧은 광선검,히든,true
3,과열되는 광선검,히든,true
4,색이 이상한 광선검,히든,true
5,윙 소리가 안 나는 광선검,히든,true
6,깜빡임이 섬광이 된 광선검,히든,true
7,짧은 칼날이 광선 단검이 된 광선검,히든,true
8,과열이 화염이 된 광선검,히든,true
9,탁한 색이 암흑을 삼키는 광선검,히든,true
10,모든 빛을 지배하는 무음의 광선검,히든,true
11,에덴의 화염검: 낙원을 지킨 검,히든,true
12,미카엘의 심판검,히든,true
13,태양신 라의 광선검,히든,true
14,프로메테우스가 훔친 불의 검,히든,true
15,만물을 베는 빛의 검,히든,true
16,어둠을 베어 빛으로 바꾸는 광선검,히든,true
17,존재를 빛으로 변환하는 광선검,히든,true
18,시공간을 베는 광선검,히든,true
19,우주의 빛을 모두 베는 광선검,히든,true
20,광선검: 만물을 베는 절대 광휘,히든,true
0,줄 끊어진 합판 기타,히든,true
1,감전 주의보 기타,히든,true
2,소음 공해 유발자,히든,true
3,앰프 파괴자,히든,true
4,고막 분쇄 기타,히든,true
5,폭주하는 디스토션,히든,true
6,살인적인 피드백,히든,true
7,망자의 비명 기타,히든,true
8,영혼을 켜는 악기,히든,true
9,광란의 지배자,히든,true
10,심연의 레퀴엠,히든,true
11,세이렌의 심연 현,히든,true
12,오르페우스의 진짜 리라,히든,true
13,악마의 계약서,히든,true
14,천상의 뇌명 제우스,히든,true
15,초끈 이론의 증명,히든,true
16,빅뱅의 시발점,히든,true
17,우주 공명 주파수,히든,true
18,차원을 찢는 벤딩,히든,true
19,엔트로피의 지휘자,히든,true
20,적막 소리의 종언,히든,true
0,내일 시들 것 같은 할인 꽃다발,히든,true
1,시들고 축 처진 꽃다발,히든,true
2,가시투성이 위험한 꽃다발,히든,true
3,벌레가 득실대는 꽃다발,히든,true
4,지독한 꽃가루를 뿌리는 꽃다발,히든,true
5,썩은 냄새를 풍기는 꽃다발,히든,true
6,가시가 창처럼 날아가는 꽃다발,히든,true
7,벌레가 적을 공격하는 꽃다발,히든,true
8,독성 꽃가루를 퍼뜨리는 꽃다발,히든,true
9,썩은 냄새가 환각을 일으키는 꽃다발,히든,true
10,낭만과 죽음이 피어난 꽃다발,히든,true
11,비너스의 사랑을 담은 꽃다발: 최초의 선물,히든,true
12,큐피드의 화살이 숨겨진 꽃다발,히든,true
13,에덴동산의 첫 번째 꽃,히든,true
14,오르페우스가 연주하던 꽃,히든,true
15,만물의 낭만 사랑의 꽃다발,히든,true
16,증오를 사랑으로 바꾸는 꽃다발,히든,true
17,슬픔을 기쁨으로 정화하는 꽃다발,히든,true
18,존재의 고독을 지우는 꽃다발,히든,true
19,영원한 사랑을 구현하는 꽃다발,히든,true
20,꽃다발: 만물 우주의 절대 낭만,히든,true
0,묵은 때가 낀 윷,히든,true
1,끝이 뭉툭한 윷,히든,true
2,벌레 먹은 윷,히든,true
3,뒤집히지 않는 윷,히든,true
4,가시를 뱉는 윷,히든,true
5,불운을 부르는 윷,히든,true
6,금 간 틈으로 흥을 돋우는 윷,히든,true
7,도의 묵직한 한 방 윷,히든,true
8,윷과 모의 쾌속 윷,히든,true
9,판을 뒤집는 역전의 윷,히든,true
10,하늘 높이 솟구치는 천상의 윷,히든,true
11,박달나무 신령의 윷: 천 년의 나이테,히든,true
12,흥부의 대박 터지는 윷,히든,true
13,십이지신이 축복한 수호의 윷,히든,true
14,민속놀이의 제왕: 거대한 멍석 윷,히든,true
15,만물의 방향을 정하는 나침반 윷,히든,true
16,확률을 조작하는 신의 윷,히든,true
17,모든 말을 잡는 포식자의 윷,히든,true
18,우주의 운명을 점치는 윷,히든,true
19,윷판의 경계를 허무는 윷,히든,true
20,윷: 우주를 던지는 절대 한 수,히든,true
0,음정이 불안정한 플라스틱 단소,히든,true
1,금이 간 단소,히든,true
2,구멍이 막힌 단소,히든,true
3,소리가 나지 않는 단소,히든,true
4,물이 찬 단소,히든,true
5,벌레가 파먹은 단소,히든,true
6,금 간 틈으로 음파를 쏘는 단소,히든,true
7,막힌 구멍이 공명을 일으키는 단소,히든,true
8,침묵의 소리를 내는 단소,히든,true
9,물소리가 파도가 된 단소,히든,true
10,모든 소리를 연주하는 천상의 단소,히든,true
11,신선들의 구곡연 단소: 하늘의 선율,히든,true
12,견우와 직녀의 칠석 단소,히든,true
13,난타의 신이 부는 창조의 단소,히든,true
14,피리 부는 사나이의 저주 단소,히든,true
15,만물의 진동을 조율하는 단소,히든,true
16,불협화음을 화음으로 바꾸는 단소,히든,true
17,소음을 선율로 정화하는 단소,히든,true
18,우주의 진동을 연주하는 단소,히든,true
19,침묵과 소음의 경계를 연주하는 단소,히든,true
20,단소: 만물을 조율하는 절대 선율,히든,true
0,둥글게 닳은 지우개,히든,true
1,딱딱하게 굳은 지우개,히든,true
2,반으로 갈라진 지우개,히든,true
3,번지기만 하는 지우개,히든,true
4,가루만 날리는 지우개,히든,true
5,산산조각 나는 지우개,히든,true
6,금 간 틈으로 공백을 만드는 지우개,히든,true
7,기억을 지우는 지우개,히든,true
8,흔적조차 없이 지우는 지우개,히든,true
9,과거를 수정하는 지우개,히든,true
10,모든 오답을 지우는 천상의 지우개,히든,true
11,망각의 강 레테의 지우개: 흐려진 기억,히든,true
12,현자의 수정 지우개,히든,true
13,창조신의 초안 수정용 지우개,히든,true
14,타불라 라사: 백지화,히든,true
15,만물을 무로 돌리는 지우개,히든,true
16,엔트로피를 역행하는 지우개,히든,true
17,존재와 비존재의 경계를 지우는 지우개,히든,true
18,우주의 흔적을 닦아내는 지우개,히든,true
19,모든 이야기의 끝을 맺는 지우개,히든,true
20,지우개: 우주를 수정하는 절대 공백,히든,true
0,털이 짧고 빈약한 솔,히든,true
1,털이 빠진 허술한 빗자루,히든,true
2,먼지를 더 일으키는 빗자루,히든,true
3,삐걱거리며 부러지는 빗자루,히든,true
4,지독한 악취를 풍기는 빗자루,히든,true
5,저주받은 듯 불길한 빗자루,히든,true
6,날아오르는 먼지의 빗자루,히든,true
7,부러진 파편이 날카로운 빗자루,히든,true
8,지독한 악취로 적을 쫓는 빗자루,히든,true
9,불길한 저주를 퍼뜨리는 빗자루,히든,true
10,세상의 오염을 휘두르는 빗자루,히든,true
11,세상의 먼지를 정화하는 자: 최초의 빗자루,히든,true
12,신들의 대청소 도구였던 빗자루,히든,true
13,세계수의 가지로 만든 빗자루,히든,true
14,운명의 여신이 사용했던 빗자루,히든,true
15,만물의 근원 진리의 빗자루,히든,true
16,인과의 업보를 쓸어내는 빗자루,히든,true
17,왜곡된 개념을 정화하는 빗자루,히든,true
18,존재의 모순을 지우는 빗자루,히든,true
19,태초의 정적(靜寂)을 구현하는 빗자루,히든,true
20,빗자루: 만상(萬象) 정화의 절대율,히든,true
0,짝은 맞지만 밑창 닳은 슬리퍼,히든,true
1,짝짝이 해진 슬리퍼,히든,true
2,지독한 발냄새 나는 슬리퍼,히든,true
3,쿠션이 없는 딱딱한 슬리퍼,히든,true
4,끈이 끊어진 미끄러지는 슬리퍼,히든,true
5,저주받은 듯 불편한 슬리퍼,히든,true
6,악취가 무기가 된 슬리퍼,히든,true
7,딱딱한 밑창이 무기가 된 슬리퍼,히든,true
8,끊어진 끈이 채찍이 된 슬리퍼,히든,true
9,미끄러움이 저주가 된 슬리퍼,히든,true
10,혼돈의 발걸음을 남기는 슬리퍼,히든,true
11,신들의 휴식을 위한 슬리퍼: 천상의 신발,히든,true
12,헤르메스의 날개 달린 샌들의 원형,히든,true
13,천국의 구름으로 만든 슬리퍼,히든,true
14,부처가 걸었던 열반의 신발,히든,true
15,만물의 안식처 휴식의 슬리퍼,히든,true
16,시간의 흐름을 멈추는 슬리퍼,히든,true
17,고통을 편안함으로 바꾸는 슬리퍼,히든,true
18,존재의 무게를 지우는 슬리퍼,히든,true
19,영원한 안식을 구현하는 슬리퍼,히든,true
20,슬리퍼: 만물 우주의 절대 안락,히든,true
0,녹아내린 끈적한 하드,히든,true
1,땅에 떨어진 3초 룰,히든,true
2,이빨 자국 난 하드,히든,true
3,브레인 프리즈,히든,true
4,액체질소의 파편,히든,true
5,녹차인 척하는 와사비,히든,true
6,깊은 숲 녹차의 정령,히든,true
7,다크 초콜릿의 심연,히든,true
8,순백의 바닐라 성역,히든,true
9,혼돈의 쿠키 앤 크림,히든,true
10,입안의 융단폭격,히든,true
11,민트초코의 저주,히든,true
12,파이드 파이퍼의 유혹,히든,true
13,엑스칼리-바,히든,true
14,세이렌의 설탕 노래,히든,true
15,시간왜곡 셔벗 바,히든,true
16,은하 설탕 결정,히든,true
17,성운 밀크 웨이,히든,true
18,블랙홀 바닐라,히든,true
19,프리즘 코스모 아이스바,히든,true
20,성배의 파르페,히든,true
0,살이 약해 뒤집히는 우산,히든,true
1,천이 찢어진 너덜거리는 우산,히든,true
2,뒤집혀 망가진 우산,히든,true
3,녹슨 뼈대의 삐걱거리는 우산,히든,true
4,손잡이가 부러진 우산,히든,true
5,물이 새는 저주받은 우산,히든,true
6,찢어진 천이 칼날이 된 우산,히든,true
7,뒤집힌 살이 창처럼 튀어나온 우산,히든,true
8,녹슨 가루를 뿌리는 독성 우산,히든,true
9,부러진 손잡이가 둔기가 된 우산,히든,true
10,사방을 베고 찌르는 병기 우산,히든,true
11,제우스의 번개를 막던 우산: 신들의 방패,히든,true
12,노아의 방주를 덮었던 천막,히든,true
13,페르세우스의 메두사 방패,히든,true
14,아테나의 아이기스 원형,히든,true
15,만물을 보호하는 하늘의 우산,히든,true
16,공간을 차단하는 우산,히든,true
17,인과를 차단하는 우산,히든,true
18,존재를 보호하는 우산,히든,true
19,우주의 종말을 막는 우산,히든,true
20,우산: 만물 존재의 절대 방벽,히든,true
0,길이가 미묘하게 다른 젓가락 한 쌍,히든,true
1,한 짝 없는 외로운 젓가락,히든,true
2,세로로 갈라진 젓가락,히든,true
3,심하게 휘어진 젓가락,히든,true
4,끝이 뭉툭하게 부러진 젓가락,히든,true
5,기름때 범벅의 젓가락,히든,true
6,가시처럼 날카로운 파편 젓가락,히든,true
7,휘어진 곡선이 채찍이 된 젓가락,히든,true
8,뭉툭한 끝이 둔기가 된 젓가락,히든,true
9,기름때가 독성 기름이 된 젓가락,히든,true
10,쌍으로 춤추는 살육의 젓가락,히든,true
11,손오공의 여의봉: 젓가락의 원형,히든,true
12,신선들의 쌍검 비도(飛刀),히든,true
13,반고가 세상을 나눈 도구,히든,true
14,옥황상제의 식탁에 놓인 젓가락,히든,true
15,만물을 집어 올리는 천지의 젓가락,히든,true
16,시공을 찌르는 젓가락,히든,true
17,운명의 실을 집는 젓가락,히든,true
18,우주의 질서를 집어올리는 젓가락,히든,true
19,존재와 무를 나누는 젓가락,히든,true
20,젓가락: 만물을 집어올리는 절대 쌍극,히든,true
0,손잡이가 덜렁거리는 주전자,히든,true
1,물이 줄줄 새는 주전자,히든,true
2,귀청 찢는 소리 나는 주전자,히든,true
3,절대 끓지 않는 주전자,히든,true
4,손잡이가 불처럼 뜨거운 주전자,히든,true
5,감당할 수 없이 무거운 주전자,히든,true
6,물줄기가 채찍이 된 주전자,히든,true
7,귀청을 터뜨리는 음파 주전자,히든,true
8,냉기를 뿜어내는 역설의 주전자,히든,true
9,불타는 손잡이가 화염검이 된 주전자,히든,true
10,끓고 얼고 울부짖는 주전자,히든,true
11,판도라가 열었던 주전자: 재앙의 시작,히든,true
12,신들의 불사의 물을 끓이던 주전자,히든,true
13,창세의 혼돈을 끓여낸 주전자,히든,true
14,지옥의 불을 담아낸 주전자,히든,true
15,만물의 근원 우주의 주전자,히든,true
16,파괴를 창조로 바꾸는 주전자,히든,true
17,죽음을 생명으로 끓이는 주전자,히든,true
18,존재의 정의를 바꾸는 주전자,히든,true
19,우주를 끓여 재창조하는 주전자,히든,true
20,주전자: 만물 순환의 절대 솥,히든,true
0,붉은 망아지의 장난감 채찍,히든,true
1,엉킨 붉은 털 채찍,히든,true
2,빳빳한 당근색 채찍,히든,true
3,정전기 찌릿 채찍,히든,true
4,매듭 묶인 붉은 끈,히든,true
5,야생마의 가죽 채찍,히든,true
6,편자의 열기 채찍,히든,true
7,핏빛 갈기 채찍,히든,true
8,질주하는 불꽃 채찍,히든,true
9,적토마의 붉은 꼬리,히든,true
10,장군의 지휘 채찍,히든,true
11,불타는 전차의 고삐,히든,true
12,묵시록의 붉은 기수,히든,true
13,페가수스의 핏빛 날개,히든,true
14,용암을 가르는 꼬리,히든,true
15,전장의 붉은 혜성,히든,true
16,태양을 삼킨 적토마,히든,true
17,차원을 달리는 말의 궤적,히든,true
18,붉은 초신성의 채찍,히든,true
19,태초의 붉은 짐승 (The Red Beast),히든,true
20,만물을 이끄는 절대의 고삐,히든,true
0,털이 뻣뻣하게 굳은 칫솔,히든,true
1,털이 반쯤 빠진 칫솔,히든,true
2,털이 사방으로 휘어진 칫솔,히든,true
3,손잡이가 부러진 칫솔,히든,true
4,곰팡이가 핀 칫솔,히든,true
5,치약 찌꺼기가 굳은 칫솔,히든,true
6,빠진 털이 가시가 된 칫솔,히든,true
7,휘어진 털이 채찍이 된 칫솔,히든,true
8,부러진 손잡이가 단검이 된 칫솔,히든,true
9,곰팡이가 맹독 포자가 된 칫솔,히든,true
10,오염을 무기로 바꾸는 역설의 칫솔,히든,true
11,신들의 치아를 닦은 칫솔: 천상의 위생,히든,true
12,부처의 깨달음 전 칫솔,히든,true
13,천사들의 정결을 지킨 칫솔,히든,true
14,용의 이빨을 닦은 칫솔,히든,true
15,만물의 청결을 지키는 정화의 칫솔,히든,true
16,오염을 무(無)로 되돌리는 칫솔,히든,true
17,존재의 불순물을 제거하는 칫솔,히든,true
18,우주의 엔트로피를 정화하는 칫솔,히든,true
19,존재와 비존재를 정화하는 칫솔,히든,true
20,칫솔: 만물을 정화하는 절대 청결,히든,true
20,캔디케인: 만물을 달콤하게 하는 절대 축복,히든,true
0,빵에 낀 의문의 소시지,히든,true
1,눅눅한 핫도그 조각,히든,true
2,소스 범벅 핫도그,히든,true
3,시한폭탄 핫도그,히든,true
4,폭주하는 소스 핫도그,히든,true
5,맹렬히 폭발하는 핫도그,히든,true
6,유도 폭발 핫도그,히든,true
7,지독한 잔향 폭발 핫도그,히든,true
8,잔향 포식자 핫도그,히든,true
9,잔향 지배자 핫도그,히든,true
10,잔향 불멸자 핫도그,히든,true
11,묠니르의 원형 핫도그,히든,true
12,궁니르의 원형 핫도그,히든,true
13,엑스칼리버의 심장 핫도그,히든,true
14,성배의 진짜 핫도그,히든,true
15,"만물의 근원, 진리의 핫도그",히든,true
16,우주적 섭리의 핫도그,히든,true
17,"핫도그, 만물의 근원 신성",히든,true
18,"핫도그, 만상의 근원적 섭리",히든,true
19,"핫도그, 우주의 절대적 신리",히든,true
20,"핫도그, 만물 우주의 초월적 근원",히든,true
0,칠이 벗겨진 장난감 화살,히든,true
1,고무 팁이 사라진 화살,히든,true
2,깃이 뜯겨나간 화살,히든,true
3,하트가 찌그러진 화살,히든,true
4,초콜릿이 묻어 끈적이는 화살,히든,true
5,핑크색 가루가 폭발하는 화살,히든,true
6,금 간 틈으로 매혹을 뿜는 화살,히든,true
7,집착의 붉은 실이 얽힌 화살,히든,true
8,심장을 추적하는 화살,히든,true
9,감정을 강제하는 화살,히든,true
10,모든 사랑을 이루는 천상의 화살,히든,true
11,에로스의 잃어버린 황금 화살: 신의 장난,히든,true
12,성 발렌타인의 축복 화살,히든,true
13,사랑의 요정이 깎은 창조의 화살,히든,true
14,절대 빗나가지 않는 운명의 화살,히든,true
15,만물에 사랑을 부여하는 화살,히든,true
16,증오를 애정으로 바꾸는 화살,히든,true
17,모든 인연을 잇는 화살,히든,true
18,우주의 심장을 꿰뚫는 화살,히든,true
19,감정과 이성의 경계를 허무는 화살,히든,true
20,큐피트의 화살: 운명을 잇는 절대 사랑,히든,true